Position X,Position Y,Position Z
336.306,951.3,4.38059
324.75,990.508,4.32149
296.41,992.487,4.65957
330.967,948.081,4.92844
299.483,953.302,5.53703
325.309,962.149,5.21722
305.602,981.947,5.32554
342.705,984.391,5.22044
324.29,995.71,4.9903
312.564,960.338,6.18896
322.536,974.142,5.92095
397.756,951.667,4.72893
382.506,977.483,4.65098
419.951,997.804,4.17399
372.372,963.461,4.80638
364.276,977.651,5.0842
407.668,989.164,5.57104
368.314,964.99,6.10556
446.879,964.875,4.58218
488.486,952.767,5.44529
448.474,954.904,5.18316
466.064,966.07,4.67332
470.149,998.698,4.97411
451.785,962.311,6.00628
499.317,1013.23,5.97666
567.046,952.125,4.77753
540.081,969.743,4.88675
59.5196,1017.6,5.38851
163.997,1032.19,4.62091
177.536,1037.04,3.94554
163.013,1070.99,5.85094
278.833,1031.39,4.68239
262.22,1064.3,5.58018
232.54,1089.19,4.62426
332.009,1038.62,3.96086
305.491,1084.97,4.25226
292.692,1048.17,4.41317
328.516,1061.57,5.17922
346.194,1085.64,5.507
401.021,1034.05,4.87842
418.858,1048.24,4.52269
175.382,1096.47,5.75689
328.67,903.356,5.06761
323.677,905.428,5.25558
315.397,934.695,5.65296
398.296,906.575,4.08366
428.131,915.767,4.55561
402.309,916.253,4.02234
390.926,917.695,4.3574
370.071,923.848,4.95765
409.211,931.996,4.62583
387.221,879.971,5.27488
431.21,894.517,5.62827
402.358,902.306,4.94536
382.296,902.542,5.50842
383.741,920.397,5.02736
431.617,890.538,5.90956
503.267,874.101,4.4383
506.468,879.453,4.45245
483.951,887.429,4.67671
496.739,895.775,4.42742
507.648,898.881,4.17256
481.828,906.54,4.07352
464.066,911.388,4.00809
448.05,901.172,4.8495
443.577,903.935,4.22226
499.921,908.933,6.06844
572.75,886.841,3.79185
513.811,905.154,4.20784
527.121,916.392,4.35228
533.26,919.912,3.95829
523.495,920.585,4.15489
579.125,875.691,5.27434
512.055,893.685,4.97635
558.536,934.108,5.57386
571.87,939.301,6.18529
591.292,880.466,4.09805
614.423,894.247,4.54153
63.0143,948.457,4.76271
85.1493,989.83,4.57178
157.369,1000.05,4.02488
155.003,1006.03,4.37929
180.66,979.274,4.92964
245.499,962.588,4.07285
228.811,968.583,4.60965
235.625,981.007,4.74821
274.537,985.738,4.32092
242.149,987.916,4.53221
289.709,945.725,5.06892
232.209,965.605,5.45085
219.026,997.482,5.21606
469.007,858.328,4.09513
443.934,866.41,3.99321
464.753,807.237,5.39254
497.426,818.929,4.78469
439.025,828.891,5.03645
479.293,841.243,5.13834
437.374,807.595,5.64528
518.426,821.999,4.9299
568.634,826.069,4.28376
545.597,828.093,4.27234
578.524,847.338,4.40231
520.856,850.902,4.45043
561.578,846.749,5.63075
558.553,845.02,6.15364
618.444,814.142,4.98159
595.633,844.369,4.33581
637.278,832.163,4.90459
618.474,845.441,5.18192
54.5365,917.956,4.15605
71.4319,920.163,3.88589
99.6502,894.34,4.35465
91.699,921.841,4.13081
142.812,878.212,5.3479
114.468,888.624,4.95583
116.976,937.818,5.2441
162.465,875.101,3.97912
216.589,875.198,3.92404
172.16,875.825,4.64817
158.055,878.991,3.75567
204.658,884.132,3.93393
155.721,894.818,4.12983
183.978,897.293,4.16629
149.937,901.149,4.60782
211.186,911.692,4.30806
150.917,874.958,5.05702
212.881,880.285,5.62354
150.428,881.305,4.76655
146.844,926.894,5.53923
165.234,933.837,5.1323
217.176,908.283,5.78527
257.644,878.383,4.46533
232.538,881.277,4.63899
241.934,905.354,4.26629
260.767,911.646,4.07697
237.178,913.265,4.62271
273.149,932.95,3.9959
259.514,940.296,4.43703
277.9,885.615,4.50094
252.132,934.552,4.78634
256.772,872.486,6.1254
351.933,873.843,4.2916
358.859,884.247,4.30464
299.829,899.411,4.67936
296.928,919.796,4.70681
321.118,923.047,4.72704
359.856,924.485,4.06568
296.378,930.022,4.58749
348.677,934.888,4.0328
315.413,894.709,5.89578
98.7021,833.737,5.28688
144.974,870.24,5.56446
170.852,814.6,3.95511
217.169,823.659,4.66609
216.213,842.295,4.44885
197.907,857.76,3.81208
184.721,864.37,4.72132
186.238,804.23,5.59986
201.562,833.237,4.80861
197.317,851.829,5.23238
215.07,853.275,5.8164
212.49,859.979,4.91421
215.207,861.068,5.80082
208.135,863.009,5.20174
248.801,821.026,4.23948
288.505,823.956,4.41042
260.674,829.232,4.451
270.399,837.263,4.40956
237.587,846.073,4.65903
233.848,850.961,4.09176
225.48,868.756,3.81583
278.758,871.038,4.37816
264.875,871.088,4.01629
235.566,823.893,4.80891
280.304,826.797,5.49617
261.966,856.461,5.51524
358.405,801.447,4.40216
348.139,811.748,4.12144
295.862,813.879,4.03744
361.643,817.056,4.61941
307.861,823.244,4.07721
323.666,826.21,4.29
313.714,830.497,3.93049
320.147,830.505,4.59962
353.231,833.621,4.20994
325.622,841.73,4.26205
354.663,846.176,4.14751
304.826,847.553,4.58167
350.667,859.312,3.99255
338.48,872.172,4.26434
354.064,864.029,5.01178
399.616,812.158,4.12046
365.053,813.081,4.51639
431.268,814.031,4.31094
423.722,828.46,4.68218
412.896,832.473,4.1183
422.226,851.565,4.52451
393.156,852.588,4.87076
445.104,811.782,4.07467
478.838,822.971,4.38762
456.719,823.534,4.46614
491.339,829,4.31204
499.479,831.417,4.58133
450.584,834.502,4.38503
503.858,838.863,4.63027
438.576,842.095,4.35364
451.467,845.336,4.58693
456.078,853.716,4.16483
316.854,749.903,5.05682
359.722,762.75,5.58545
358.212,775.244,5.10584
313.759,780.623,4.74322
347.747,787.112,5.51588
328.205,793.614,5.94206
405.15,763.641,4.70561
389.967,793.17,4.36373
412.988,735.061,5.58118
413.51,743.157,5.1339
401.655,751.964,5.66788
462.161,730.345,4.45489
477.427,731.205,3.90048
488.798,733.291,4.33836
457.264,752.096,4.54391
473.051,758.282,4.03475
487.444,760.092,4.27566
500.024,729.676,4.80201
480.635,736.376,5.17287
459.471,766.15,4.88679
507.361,767.256,5.71872
481.818,789.248,5.0132
447.468,790.919,4.84132
502.421,791.604,4.70104
530.454,731.824,4.27231
578.471,782.582,4.37213
516.171,788.56,3.94827
516.332,798.339,4.09458
549.345,735.501,4.77293
572.166,773.207,4.79329
537.25,796.796,4.81686
604.396,728.461,4.30313
591.813,742.735,4.6282
610.958,759.713,4.53783
648.988,759.511,3.2382
632.913,741.652,5.44934
651.779,752.214,5.96547
640.238,776.007,5.98965
584.414,790.315,6.58461
659.595,760.308,4.71573
660.716,729.456,6.23595
126.702,800.588,4.37111
139.484,811.416,3.72641
90.1612,811.963,3.87115
105.548,827.982,4.55442
74.6025,834.295,3.88827
108.639,839.654,4.73164
96.2669,857.369,3.95767
86.8702,859.244,4.03985
84.9379,867.699,4.49953
625.828,662.053,4.66411
600.438,668.979,4.38532
643.568,672.467,4.81561
632.697,679.38,3.94275
626.464,697.443,4.43793
594.598,719.774,4.38217
627.026,720.276,3.872
638.529,672.338,5.39059
684.494,663.462,3.74704
689.365,673.591,4.82787
665.524,676.394,4.20284
669.277,678.314,4.48196
669.196,704.276,3.87583
685.833,699.157,5.68231
46.3106,748.733,4.13589
58.3857,756.669,4.01683
57.0674,770.055,3.89744
44.2117,777.683,3.30317
60.2317,779.198,3.78866
21.2859,784.051,4.09015
15.6869,785.665,4.15623
1.52469,790.084,4.17893
124.416,734.13,4.66345
86.6693,766.501,4.49419
74.9544,766.814,4.03051
122.838,781.393,4.68011
131.073,785.644,4.40547
112.378,795.834,4.5747
104.015,756.559,4.83052
73.5684,797.042,5.78746
105.814,799.249,5.60882
178.002,742.806,4.38796
192.824,755.765,3.6072
157.836,757.317,4.72985
201.501,770.398,4.02575
208.541,783.229,4.06528
158.912,788.478,4.14757
147.312,797.21,4.1616
170.201,797.568,3.78536
195.406,784.484,5.08823
164.598,795.308,4.94947
277.13,746.172,4.37573
229.742,747.281,4.0859
233.227,785.616,3.92357
288.621,789.96,4.17893
264.372,791.596,4.27181
281.802,797.647,4.3472
256.313,737.103,5.24699
222.026,764.539,4.09337
237.536,772.603,5.04635
233.171,779.926,5.18943
218.052,788.198,5.64382
265.059,787.849,5.46043
270.241,798.691,4.95129
353.43,728.551,4.21325
352.436,737.973,3.68132
346.074,771.169,4.04189
295.238,788.577,3.92193
93.2096,686.388,3.7618
142.833,690.851,4.09734
116.037,700.596,4.43021
117.454,705.619,4.15236
78.0737,711.286,4.08253
142.801,682.799,4.75603
175.301,655.284,3.7
196.096,657.232,4.30346
211.427,670.94,4.29705
180.487,725.767,3.77362
208.148,725.888,3.90394
201.931,664.456,5.48722
214.635,673.773,5.0157
209.302,678.041,5.08536
216.719,682.592,5.55206
158.231,712.799,4.87212
210.959,717.129,4.40573
265.298,671.862,4.00692
231.43,676.337,4.07388
287.812,687.266,4.52971
232.427,689.894,4.72948
220.072,699.115,4.28955
232.715,700.518,4.34124
290.509,704.586,4.6226
264.485,711.201,4.17496
248.201,681.118,5.13762
253.53,679.799,5.1206
283.271,704.734,4.94961
330.163,657.838,4.29878
342.922,671.705,4.48138
315.284,676.852,4.52454
360.325,684.988,4.34544
305.527,687.275,3.75984
295.087,699.262,4.59774
328.63,709.767,4.1541
311.051,726.003,4.32779
296.035,660.901,5.71352
330.041,717.304,5.82917
377.565,654.658,4.24317
366.218,661.474,3.95381
378.715,672.713,4.12959
432.632,683.643,4.52375
373.348,687.753,4.48395
435.681,694.337,4.27946
393.772,705.494,4.38424
415.775,710.888,3.75192
370.492,664.732,5.02376
427.099,685.207,5.61417
410.031,699.792,4.57032
507.095,676.795,4.40295
442.284,685.288,4.01333
465.098,691.7,4.84584
505.372,709.384,4.24993
468.491,713.783,4.02613
467.495,718.721,4.11082
497.543,719.985,4.46639
500.134,696.917,4.86471
492.239,715.725,4.81354
577.293,664.061,4.47971
568.359,671.592,4.11647
548.073,692.579,3.78821
433.182,610.307,4.2232
372.093,613.914,4.29834
405.053,630.198,4.52688
422.31,632.531,3.96736
404.251,642.708,4.74775
386.517,649.562,4.1074
433.91,651.15,4.32867
365.23,582.382,4.69685
371.852,584.806,5.04603
393.048,587.447,5.54725
418.168,621.945,4.48315
433.444,631.892,5.47443
435.893,647.447,5.40475
380.465,604.708,5.99225
464.183,609.416,4.01643
450.37,634.096,4.60239
448.547,650.03,4.10047
473.058,620.869,4.66761
564.842,587.497,3.96857
575.338,588.633,4.55739
538.818,593.306,3.92909
509.933,594.199,4.15697
569.177,600.949,4.32643
544.345,617.646,4.30227
573.548,619.184,4.39941
556.453,620.291,4.14801
564.752,620.84,4.74303
559.453,630.841,4.66709
545.761,633.804,4.63917
509.785,636.39,4.49385
564.73,651.941,4.22583
520.015,653.015,4.36124
510.304,587.503,4.97866
544.738,596.153,5.09752
578.842,623.538,5.94472
542.987,650.664,5.45593
603.17,596.948,4.10912
594.239,601.329,4.76048
611.992,601.391,3.71924
641.676,618.35,4.56282
635.38,628.176,4.24678
596.304,630.921,4.71074
646.156,645.891,4.36576
627.519,642.426,5.40436
641.319,647.871,4.83532
676.554,603.363,4.45155
670.199,613.312,4.95865
685.799,640.511,4.25001
691.412,642.715,4.69423
656.405,623.595,4.7472
54.8631,673.99,4.47998
62.2206,688.112,4.29574
36.7542,695.961,4.72623
16.7983,706.427,4.00983
6.15986,714.896,4.50562
56.9791,723.663,3.92602
52.4063,686.172,5.26403
71.8459,720.307,5.54913
89.7265,658.4,4.02305
129.176,677.29,4.55241
381.598,567.808,4.26975
500.705,510.83,4.36101
502.09,514.268,4.53573
476.256,532.604,3.93928
480.334,547.574,3.96917
499.936,560.672,4.01033
470.83,564.899,4.41137
450.028,566.315,4.0701
437.07,570.507,5.08907
537.106,547.125,4.25622
547.75,562.709,3.84863
548.007,577.891,4.03853
557.212,516.89,5.71593
538.661,522.677,5.31197
556.538,528.609,5.62398
533.399,549.286,5.64937
630.782,511.496,4.10675
606.171,526.028,4.60476
630.262,532.997,3.94577
635.287,543.729,4.26378
600.173,548.198,4.12222
636.871,550.406,4.10617
625.169,556.004,4.15296
602.862,571.557,3.97306
602.765,577.547,4.88589
583.947,580.447,4.0869
603.33,511.65,5.49946
622.966,524.005,5.55238
623.568,534.891,5.30634
686.783,513.089,3.98168
657.361,517.637,4.66711
668.415,541.997,3.83699
681.298,549.655,3.74138
692.456,560.026,5.2213
685.747,563.778,5.25167
61.6576,629.559,4.24718
56.0661,647.738,4.25118
69.2241,648.35,3.80303
64.9967,604.495,5.27819
141.096,596.83,4.83659
137.373,611.609,3.91845
101.279,638.429,4.38114
131.496,643.679,4.77609
120.995,653.186,3.62888
130.38,640.45,5.50304
204.774,587.428,4.7183
221.798,609.847,4.68797
267.669,619.783,4.57536
247.972,586.247,4.97169
254.503,594.428,5.32452
230.126,650.729,4.80518
257.138,622.419,5.15857
340.304,620.388,3.90739
355.353,629.272,5.47629
409.629,590.209,3.38146
363.85,601.526,3.89541
414.598,604.758,4.06301
530.819,439.819,3.96092
511.992,441.894,4.03974
534.674,445.216,4.09106
558.487,454.986,4.63983
574.704,468.158,4.261
547.046,472.018,4.43898
571.423,479.76,3.95242
554.989,480.394,3.77116
568.029,484.271,4.25032
567.719,489.649,4.82134
542.511,479.127,5.3372
526.953,494.35,4.90307
580.044,458.924,5.91083
589.945,438.775,3.80841
643.012,442.621,3.9442
629.058,458.082,4.84673
609.293,468.153,3.96358
624.659,468.53,4.39167
636.281,489.647,4.28704
596.308,436.554,5.52541
670.054,457.99,4.11909
679.394,458.961,4.22862
671.531,469.777,4.8419
656.821,479.34,4.31204
659.17,488.309,4.03125
687.009,494.686,3.8943
685.792,504.132,4.02461
681.554,477.216,4.96064
654.634,496.486,5.60655
62.5786,511.619,3.85415
12.8294,519.141,4.73743
26.1631,576.121,4.59728
51.3182,578.463,4.26268
58.0039,515.935,2.41914
75.1019,514.925,4.43651
113.813,523.667,4.00914
117.307,528.572,3.8229
124.408,536.723,4.2748
89.0336,540.282,3.77407
92.8045,546.199,3.8306
135.362,574.719,3.45232
139.704,524.796,4.88093
78.0416,535.738,5.59746
213.783,511.464,3.92038
200.618,535.966,4.15253
206.456,536.495,4.21855
174.926,558.176,3.93129
217.866,561.364,5.31848
218.29,509.19,4.17702
258.223,517.096,3.86937
247.8,534.11,3.76473
257.802,556.493,4.93158
228.358,565.79,4.82901
235.354,517.026,4.82582
242.169,560.075,5.59626
309.689,541.282,3.51145
349.509,544.119,4.05752
313.627,556.564,4.55144
414.225,534.749,4.44902
422.887,551.613,4.44645
393.262,555.362,3.98589
531.507,422.588,4.15967
565.124,429.235,3.71026
512.535,401.612,5.01199
567.559,403.315,4.53797
554.953,421.306,5.1635
552.077,424.744,5.84134
589.904,376.999,4.78335
639.668,381.319,3.90078
636.125,392.859,3.78
651.599,401.35,4.90444
597.699,409.101,4.24965
605.391,408.678,3.89837
604.735,417.169,4.50875
647.955,420.792,4.69339
611.209,422.836,4.10305
645.755,427.126,4.62058
583.398,375.739,5.1845
618.881,432.913,4.78086
677.229,397.676,4.27028
675.583,388.377,5.36204
657.664,394.846,5.32138
53.2211,437.19,4.07638
67.9514,439.067,4.11975
31.7355,460.173,4.05936
47.479,485.187,4.61652
67.8793,483.97,5.0858
134.859,437.896,3.90056
139.696,448.924,4.39855
112.549,449.92,4.06602
96.1735,458.976,3.83538
97.5221,506.085,4.06099
87.5741,447.195,5.10564
149.774,441.477,4.02798
165.201,455.964,4.19072
198.064,456.916,4.26278
184.328,464.412,3.85054
153.154,468.098,4.07934
211.193,506.135,4.3995
182.796,506.935,4.14441
190.422,437.781,5.00143
216.612,491.549,5.08688
147.749,502.73,5.53386
230.965,437.894,4.10269
233.179,467.693,3.03298
253.009,472.354,4.59815
265.709,486.858,3.66044
238.34,465.909,5.35023
227.925,505.853,5.59707
309.766,437.122,4.49252
340.11,448.697,3.97775
296.853,455.767,4.3103
347.388,460.923,4.55499
319.556,479.166,4.24178
290.611,437.966,5.75862
305.986,444.236,4.73705
327.211,461.499,4.90884
312.86,481.761,5.16912
419.819,474.242,4.23731
367.048,475.733,5.5987
441.262,459.011,4.57851
479.781,460.032,4.45512
506.959,480.539,4.00626
445.335,456.458,4.79124
551.715,353.301,4.78488
510.025,356.68,4.27449
547.876,359.62,4.20687
546.114,320.066,5.36391
531.447,328.572,5.0938
571.965,330.164,4.92241
545.357,351.566,5.30304
530.988,362.682,5.55853
620.489,310.569,4.27106
595.3,324.23,3.94543
605.963,336.255,4.16729
593.072,346.093,4.11733
608.692,317.071,5.35494
624.693,332.628,4.99672
30.2196,424.828,4.08027
55.5585,368.001,5.42589
60.4801,428.18,4.85772
115.384,372.14,3.56637
90.4766,399.06,4.46465
77.0862,416.842,4.18564
119.595,430.209,3.9272
143.112,427.07,4.92902
174.737,382.012,4.47073
169.349,400.91,3.81279
196.452,404.815,3.89413
150.84,405.795,3.92309
179.02,419.031,3.8675
184.374,434.681,3.82504
270.216,374.859,4.60905
283.905,410.199,3.6848
222.629,419.134,3.48622
277.251,429.668,3.81396
227.639,435.832,4.1097
237.839,393.044,4.88205
362.015,399.91,3.96259
293.386,416.925,4.03833
340.578,423.975,4.92338
338.091,429.543,5.55277
323.287,407.161,5.79194
366.141,366.972,4.07432
394.282,379.652,4.51679
397.254,390.216,3.93748
430.861,425.806,4.17105
376.432,430.163,4.16722
416.478,430.094,4.55984
417.978,380.52,4.93837
419.568,418.076,4.98878
424.202,426.72,5.50944
403.864,428.082,4.92975
500.099,363.539,3.97567
451.478,368.126,4.01075
455.609,371.939,4.64957
452.286,373.418,4.71694
503.261,376.746,3.90924
491.419,421.202,4.44965
437.063,429.255,3.74303
447.224,369.502,5.47589
551.133,377.635,4.14137
569.569,379.802,4.13056
557.294,406.185,4.35317
417.867,272.377,5.06609
366.733,289.744,4.87221
447.192,231.051,4.17695
480.358,266.679,4.01981
438.564,275.232,4.33206
466.963,281.016,4.41313
478.966,245.422,5.64608
536.24,231.823,4.36501
514.203,238.942,4.31717
526.396,246.986,3.53698
532.03,252.366,4.14732
525.982,253.396,3.98723
522.363,268.494,3.76638
552.408,270.861,4.08266
547.966,289.646,4.30231
521.846,228.853,5.31748
534.103,265.824,4.98036
587.454,287.105,4.05265
105.632,306.29,3.77756
104.869,329.973,4.32429
94.7184,354.372,4.64706
197.727,292.529,4.26884
206.085,294.354,4.49504
216.821,309.726,4.35093
195.932,311.252,3.96018
160.964,338.595,4.56942
196.827,342.991,3.85037
183.605,346.613,3.93546
185.102,350.785,4.86568
222.509,311.381,4.18535
247.385,311.795,3.93764
270.458,321.484,4.43366
243.065,324.211,3.7192
257.205,358.909,3.87102
287.771,312.883,4.85856
226.581,324.096,4.80038
252.64,355.698,4.86962
334.811,293.128,3.57159
350.351,320.979,4.4234
342.614,326.057,4.95277
310.804,357.521,4.74951
300.782,359.642,4.24622
338.218,324.505,4.85839
366.393,311.25,4.34586
364.976,323.31,4.52999
407.107,340.181,4.37697
434.964,356.257,4.67469
393.82,337.498,5.64933
375.576,347.927,4.82401
462.053,296.556,4.54593
438.401,322.462,4.11097
469.868,324.803,4.08563
487.137,331.629,4.50337
450.94,343.517,4.41191
506.689,348.626,4.1809
484.02,360.488,4.3194
540.787,304.252,3.65528
570.071,315.664,4.36609
477.701,136.121,4.46451
492.606,139.291,5.00589
196.716,170.733,4.0961
202.915,217.73,4.44654
216.207,166.912,5.06824
283.079,160.167,4.17922
280.751,168.284,3.84043
244.715,173.128,4.52089
274.496,192.088,4.45401
267.874,201.144,4.58
276.229,208.11,4.20845
288.349,202.827,5.44904
302.366,151.081,4.4146
312.7,216.774,4.52368
336.619,187.226,5.5478
378.64,147.661,4.49978
416.292,178.057,3.86721
404.93,185.365,4.47452
420.859,212.829,4.3358
417.305,209.213,5.53222
465.427,145.42,4.38079
461.08,187.682,4.07997
516.19,154.572,4.01514
547.099,178.036,4.01664
540.82,192.377,4.33493
536.437,206.353,3.51075
144.031,263.81,4.42354
139.704,249.357,4.937
127.728,289.051,4.81799
200.345,247.568,4.47825
203.799,259.258,4.12426
177.381,289.108,4.39447
270.118,238.419,3.61599
239.355,247.807,4.57817
226.254,251.888,4.19065
235.797,265.096,3.85869
223.46,268.377,4.64487
325.489,226.132,4.01733
349.034,237.845,3.89552
323.976,244.523,4.26259
330.197,261.617,3.8098
315.069,282.555,4.03334
320.869,261.726,5.06924
374.588,222.313,4.47375
422.433,239.528,3.66649
419.784,264.192,4.18413
374.608,265.351,4.13113
423.291,272.773,4.1843
411.863,275.34,4.21401
422.704,287.047,4.06268
419.069,231.575,5.06381
433.892,234.528,4.74731
374.788,259.976,4.89821
232.427,975.894,3.76711
218.266,985.736,3.03062
304.086,958.037,0.478395
326.522,962.649,0.615705
329.438,969.758,0.649912
346.219,977.35,-0.321815
362.717,979.663,1.38803
357.167,982.667,1.39107
337.138,983.73,1.87127
345.86,993.259,1.44866
324.065,968.86,2.78314
351.978,947.403,3.4996
305.096,972.305,3.94777
365.393,951.884,1.54287
381.524,967.669,1.82733
368.852,983.899,2.64591
396.716,970.103,3.28586
443.075,957.388,1.31226
443.282,964.033,1.40114
550.785,978.619,0.027423
124.709,1061.48,0.908386
75.5443,1061.22,2.39712
202.072,1088.67,-0.0549329
290.515,1031.02,1.40186
252.665,1056.84,3.66923
345.553,1019.05,1.00954
340.397,1031.07,0.568721
291.825,1058.78,0.290179
313.446,1037.78,3.13043
290.402,1047.96,1.37707
305.554,1046.69,3.13424
422.766,1088.82,0.456999
390.054,1063.67,2.43812
418.518,1053.69,3.25452
454.676,1082.11,1.40894
473.741,1050.05,3.10385
164.868,1101.79,1.21175
193.136,1101.38,3.23919
296.395,1090.83,2.52311
297.185,1098.41,3.02947
433.212,1098.3,0.7223
384.92,60.0359,4.98503
242.617,77.1051,5.0914
298.473,124.307,4.45669
416.695,111.319,4.36723
380.975,882.714,0.403764
387.029,906.529,0.195141
364.15,908.59,0.273434
383.504,920.406,0.51266
426.178,928.539,0.536098
405.437,894.64,1.01835
382.138,913.696,0.83491
419.842,898.699,2.3974
448.524,903.891,0.123048
454.686,926.696,-0.44303
462.341,897.92,1.2232
463.4,934.308,0.921504
469.12,938.982,1.05162
501.416,941.629,1.63192
473.741,899.445,2.12267
501.283,890.226,3.34922
505.545,943.91,3.25188
520.886,880.022,0.841444
535.528,893.077,1.49333
538.169,887.535,2.259
519.14,900.666,2.43082
515.77,909.37,2.75124
570.808,913.419,2.09515
538.745,931.906,2.59386
571.428,899.245,3.20449
567.758,909.692,3.81948
619.032,902.603,0.714127
590.077,884.29,1.37039
612.347,878.995,3.39086
69.2824,1008.11,0.951989
68.1534,990.699,2.74032
94.6887,954.493,3.72875
90.3509,962.913,3.00222
77.0412,997.779,3.30948
167.589,980.715,1.08192
196.93,1000.67,1.05436
181.823,1008.42,0.8319
216.51,978.583,2.37291
183.589,961.583,3.4607
237.188,959.561,0.871031
275.637,984.066,-0.114607
259.456,1015.32,-0.0863412
250.838,963.429,1.62381
240.34,968.441,1.79936
237.11,989.232,2.02706
233.915,999.594,1.97459
265.117,956.137,2.98132
201.202,875.063,0.580554
207.976,883.353,0.144177
164.084,904.803,0.212613
211.88,919.855,0.547245
189.919,936.81,-0.135767
167.316,876.43,1.88785
176.512,897.795,1.53185
206.184,908.842,1.24179
185.132,932.689,1.33327
213.714,934.396,1.41658
175.864,881.294,2.70126
170.199,910.155,2.45024
190.105,933.216,2.92171
148.782,938.6,1.85445
168.849,881.942,3.28757
175.365,885.363,2.98728
202.131,891.603,3.70625
197.253,894.863,2.99428
153.93,900.096,2.9859
166.237,906.371,3.52465
172.203,919.414,3.66336
238.705,937.363,0.822753
290.381,891.607,0.890719
262.93,889.282,2.57687
259.844,917.145,2.27812
264.742,943.046,2.76426
229.914,873.833,3.71288
252.293,897.433,3.60448
244.869,928.084,3.03695
235.047,935.978,3.67281
343.447,880.897,0.149962
339.61,884.838,0.100223
294.478,926.468,1.67184
318.115,880.154,1.26573
300.419,893.847,1.12118
323.503,901.681,1.08835
315.138,909.188,0.937569
341.731,913.047,1.43125
347.946,909.463,1.84732
338.252,922.392,2.49346
344.115,905.991,2.75453
333.985,911.837,4.04497
312.706,925.567,3.44472
291.825,929.698,3.55284
362.122,943.865,2.87612
435.743,872.262,0.440282
478.658,851.627,0.390168
501.636,807.289,0.884559
462.922,842.82,1.47955
486.119,856.02,1.36099
496.267,858.772,1.16457
438.948,801.767,2.25184
489.502,809.655,3.31608
439.872,811.726,3.03994
500.796,817.277,2.76208
468.724,829.963,2.60889
455.875,838.132,2.7163
446.605,845.657,2.65113
478.533,847.326,0.187805
498.467,848.689,2.23852
490.383,860.112,2.62336
503.053,844.63,3.63452
447.629,870.675,3.8752
535.508,803.006,-0.0458543
557.906,805.038,0.558714
522.691,810.66,0.179637
573.309,826.859,0.304725
540.819,838.065,0.409309
580.149,843.52,0.0581103
550.941,847.864,0.0109301
518.155,812.063,1.18285
556.26,812.239,1.51578
526.247,828.714,1.0815
512.118,841.438,1.30846
570.601,841.29,1.34862
528.04,822.735,1.82225
571.063,850.266,2.26531
543.4,865.806,2.44731
535.611,829.944,3.01656
533.217,840.87,3.19202
529.007,844.425,3.87609
623.069,819.224,0.739296
646.701,851.34,0.352505
610.838,864.207,0.530224
626.634,804.295,2.11025
622.067,806.54,2.84001
585.532,829.92,2.37316
609.898,811.95,3.574
618.356,850.298,3.60827
655.498,814.498,3.31986
670.794,818.571,3.68887
46.6671,889.415,0.459558
84.8431,916.588,0.468482
128.168,895.396,1.50362
100.854,914.393,1.82559
277.438,869.77,0.427755
245.454,801.245,0.754605
236.252,827.577,1.38202
234.351,862.698,1.06114
218.495,812.8,2.46246
265.95,840.727,2.8489
283.595,841.548,1.87832
282.283,854.299,1.95032
241.574,863.725,2.26
257.675,867.118,2.14874
228.544,814.541,3.13424
222.626,821.924,3.97016
236.805,840.817,3.578
232.236,844.661,3.0999
235.257,870.372,3.87498
347.644,801.84,0.207202
351.794,837.177,0.057166
361.226,838.837,-0.0202025
298.624,848.11,-0.0881106
299.705,825.596,0.766925
296.64,839.568,1.53505
302.501,843.457,1.08089
320.832,851.494,1.30089
342.821,858.528,1.49368
346.85,834.42,2.15371
299.521,854.133,2.07944
290.935,800.635,3.44031
352.056,802.798,3.52604
294.853,830.151,3.93064
291.655,842.096,2.63161
341.37,867.307,3.54954
434.795,801.145,0.219391
431.904,805.199,0.594752
422.574,818.934,0.246511
432.613,823.392,0.710789
432.31,839.192,0.071819
409.129,850.198,0.110402
424.529,865.586,0.972361
394.914,816.144,1.52051
418.785,845.184,0.874241
380.519,853.154,1.30017
365.511,818.693,1.60185
405.21,824.157,3.79073
417.951,828.805,3.16179
387.016,835.399,3.46276
424.131,855.297,3.09905
429.84,855.875,3.45692
445.569,799.796,0.98489
491.977,802.566,0.122226
452.951,818.348,0.624135
492.098,819.346,0.509071
488.202,830.027,0.614968
472.048,832.37,0.351986
57.2446,836.334,1.28703
43.6011,840.043,1.00606
38.6033,858.298,0.915026
44.6072,800.402,2.26047
14.0319,802.126,2.74045
36.3832,813.164,2.14013
42.8177,822.504,2.30132
64.0007,836.596,1.96588
39.8646,811.043,3.58771
28.7302,840.403,3.45276
99.968,812.156,0.0558633
91.2206,816.125,0.476073
82.8045,843.297,0.334024
92.3673,850.501,0.495068
118.055,867.232,0.0555343
76.6118,844.113,0.845624
114.857,799.993,2.26357
131.108,803.313,2.51022
134.968,816.491,3.26581
109.804,822.852,2.47131
93.8129,823.627,2.28451
97.2935,852.101,2.91185
131.119,854.618,2.41347
132.202,866.777,2.32943
111.842,870.762,2.69683
73.2488,802.477,2.86995
88.9755,802.9,3.61141
142.514,806.791,3.11858
78.6585,817.305,3.65388
78.1138,828.739,3.6602
113.208,837.533,3.41676
94.7621,841.781,3.69684
132.674,843.843,3.38618
108.471,845.075,4.0201
141.257,868.766,3.62634
154.34,803.036,0.292422
181.33,809.766,0.464402
190.405,814.01,-0.0149203
209.399,814.807,0.546115
196.615,850.159,0.508477
168.108,865.536,0.0983644
193.576,811.55,1.41284
200.069,814.508,0.923913
170.11,859.469,0.5827
161.702,865.703,0.927762
170.319,806.106,2.0607
208.354,824.416,2.14689
173.586,836.01,2.56571
159.346,800.047,3.7292
150.585,803.881,3.43828
173.107,810.732,3.16405
177.96,812.153,3.48242
145.523,817.352,3.56157
165.396,824.341,2.876
162.444,828.324,3.13164
201.281,836.59,2.8453
175.761,868.331,3.4779
180.902,868.307,3.11042
240.185,812.367,0.571885
408.856,789.297,1.33258
386.087,735.743,3.47197
371.157,740.762,3.90449
371.29,746.559,3.33786
395.603,749.362,2.46385
429.297,761.123,3.95534
398.158,764.568,3.65032
385.93,771.336,2.92525
413.581,772.439,3.55637
377.632,775.771,3.5312
369.38,782.205,3.19857
478.385,729.788,-0.0403625
483.004,760.158,0.765184
439.095,761.038,0.662631
482.452,770.029,0.116124
502.443,772.847,0.276133
454.443,786.995,0.0852592
465.831,796.126,0.630759
461.592,733.961,1.25202
453.396,740.443,1.46095
450.188,787.57,1.89935
489.977,795.868,1.00035
506.474,748.868,2.45368
484.001,752.508,2.14885
471.95,779.863,2.47712
462.302,783.563,2.29687
502.427,762.404,3.6345
468.105,764.45,3.25763
573.482,762.135,0.25351
544.283,771.505,0.278653
525.399,749.425,0.975881
524.065,755.158,1.65752
511.689,768.761,1.50313
572.712,735.062,3.71803
521.353,740.853,3.53565
527.532,742.041,3.52999
545.367,787.706,2.88714
647.979,764.66,0.469131
616.168,734.787,1.14368
615.702,759.313,1.04422
589.093,746.671,2.86144
601.907,793.099,2.20067
593.227,734.813,3.68709
608.521,735.396,3.00757
624.082,765.099,2.87906
611.213,776.216,3.28189
657.712,761.716,0.108416
662.905,761.401,0.59018
675.935,740.212,1.3535
50.4474,811.26,-0.293627
59.5478,820.202,0.0674487
59.5519,831.831,0.0625853
57.0622,841.787,0.199168
181.153,729.458,0.752818
165.804,739.406,0.0582932
176.629,775.902,0.0645
166.063,776.252,0.165673
200.921,785.363,0.949761
168.583,769.109,0.936434
153.844,777.946,0.938919
163.61,799.285,1.97855
208.106,730.49,2.47073
189.239,738.268,2.25234
178.208,762.058,3.18597
210.98,793.319,2.98216
146.828,735.994,3.22267
166.768,750.65,3.62903
216.565,768.09,3.23823
147.109,788.181,2.90441
283.58,770.1,-0.0635222
255.814,727.177,1.61519
277.123,728.325,1.61509
247.275,785.031,1.82891
277.237,732.827,1.9706
237.086,738.71,2.1414
242.608,754.345,3.26304
255.707,757.477,1.93019
258.498,761.018,3.2157
267.745,781.99,1.78365
246.902,789.577,2.52076
287.753,729.673,3.36544
248.189,731.588,3.75203
282.288,740.395,3.00156
218.383,752.783,2.98746
226.059,770.151,3.47426
290.131,784.657,3.78159
284.083,785.282,3.78124
292.191,746.549,0.45025
321.648,754.489,0.23503
308.449,762.595,0.121166
298.493,786.705,0.969205
354.47,749.389,2.81466
325.677,757.714,2.65517
312.082,768.23,2.12856
310.475,772.669,2.17789
313.424,784.136,1.78208
319.719,727.437,3.90553
348.148,729.113,3.7327
299.813,733.184,3.49591
316.71,764.358,3.67912
351.06,766.647,3.67936
354.798,777.688,3.04319
334.564,778.526,3.6639
343.32,787.047,3.19143
357.963,794.45,2.90199
391.576,743.357,0.201094
398.597,772.991,0.258714
413.838,787.298,0.186138
387.055,791.851,0.293812
424.621,795.603,-0.131575
393.213,753.618,1.60635
608.281,662.844,0.135367
626.421,681.388,-0.244202
603.533,684.224,0.388473
644.089,704.083,-0.0444783
628.598,707.565,-0.244648
623.709,721.791,-0.120191
586.618,692.437,1.08863
627.779,724.496,1.90917
644.797,726.149,1.04613
646.297,656.056,2.03518
587.461,698.045,3.11776
648.715,717.019,2.97438
679.665,679.623,0.41567
674.318,693.812,-0.164951
691.414,683.346,1.02784
660.004,667.048,3.5281
657.165,692.376,3.22847
675.527,694.04,3.54398
695.347,695.52,2.83151
693.84,718.286,2.83711
61.7195,738.168,-0.022536
33.3558,745.731,0.339033
45.0747,774.087,0.320718
62.5884,777.132,0.031737
9.53483,777.932,0.635422
72.6209,789.599,0.77063
34.4306,736.585,1.49379
57.2799,747.58,1.10587
17.9857,784.229,0.973707
42.2391,784.526,1.45426
17.6476,748.716,2.2865
47.2706,767.661,1.9831
67.0148,729.595,3.19828
70.0848,752.833,3.79387
52.6592,755.947,3.42448
30.8262,762.489,3.72519
34.3394,768.405,3.67116
21.8899,774.549,3.67894
72.6372,785.835,3.30572
40.1964,791.799,3.29501
126.98,763.583,0.277755
94.5337,782.226,0.531153
133.903,786.53,1.11648
82.0402,793.581,0.0554343
138.976,741.77,1.78082
75.8386,782.967,0.749894
120.656,741.006,3.9222
135.803,771.247,3.6836
84.8842,772.852,3.66049
139.661,791.517,3.45191
146.08,728.219,-0.195583
323.995,660.075,0.0678136
347.078,687.725,0.784951
301.696,676.614,1.62138
319.037,678.583,1.34592
292.636,679.133,0.989148
336.328,689.603,2.7009
338.438,691.911,2.23941
317.505,711.871,2.04267
351.066,723.01,1.69082
345.309,723.83,2.16713
324.032,671.164,3.65534
298.294,717.338,4.04294
390.089,723.843,0.640016
436.272,726.39,0.117467
426.36,662.433,1.34985
395.03,669.556,1.66469
393.345,677.315,1.24572
380.141,691.29,0.848435
406.524,697.562,1.8064
415.955,716.219,1.76592
374.775,678.094,1.94587
400.44,679.948,2.48978
366.764,684.997,3.62362
423.868,714.732,3.02723
377.846,722.07,3.4527
393.058,722.885,3.60922
478.159,663.577,-0.105211
480.701,674.091,-0.195996
457.654,679.806,0.606194
502.647,683.338,0.437181
457.76,696.482,0.339183
489.916,701.572,0.876816
469.202,702.254,0.128323
453.714,710.477,-0.0503602
493.529,718.268,0.951172
480.893,720.53,0.539645
452.794,692.66,0.789584
440.747,707.796,1.10351
450.047,710.466,1.73505
482.062,712.975,1.88548
461.983,661.139,2.33113
455.411,668.384,2.46662
467.842,674.136,2.30904
443.739,675.415,2.8364
467.332,705.254,1.81504
492.064,709.777,2.49078
441.939,724.755,1.82299
455.989,706.409,3.06184
562.241,675.172,0.306413
552.174,722.333,0.743909
555.747,663.952,0.909523
544.178,667.691,1.07085
557.759,696.63,1.42781
563.226,701.729,2.02195
510.297,723.5,1.41019
567.191,676.321,2.36655
543.368,657.521,3.43221
537.912,675.373,3.52607
534.039,679.064,3.75095
552.843,695.436,2.83498
538.971,715.46,3.78712
679.88,632.521,2.47845
659.77,610.146,2.58212
66.9725,676.674,-0.0867802
10.3568,694.988,0.188021
32.882,719.455,0.0667844
69.0629,663.351,0.710928
38.6102,693.94,1.27503
1.8612,658.761,2.02164
53.754,662.28,2.72056
46.7585,699.914,2.04832
67.9775,708.11,2.03676
60.2699,654.851,3.22398
68.973,695.619,3.35627
53.7657,719.893,3.6019
107.15,692.736,-0.232969
133.628,713.061,0.0430759
123.17,657.875,1.32748
98.4846,680.997,1.97627
132.29,686.744,1.36892
81.6044,699.077,1.31095
95.4524,710.066,1.54369
117.523,714.056,0.591721
98.4968,674.047,2.58164
138.041,706.146,2.70591
109.259,657.974,3.12445
104.13,660.621,2.91865
126.139,666.46,3.66509
107.849,679.5,3.71391
128.243,684.849,3.33653
131.702,705.276,3.23874
82.6776,712.742,3.17803
99.2195,713.798,3.24582
75.148,715.525,3.34562
141.826,726.314,3.15537
181.096,677.07,0.0430114
200.306,692.794,1.06731
154.887,698.796,1.22441
202.352,716.396,1.51343
174.775,660.714,1.36851
181.399,690.238,3.26524
184.903,713.059,3.2538
237.804,657.443,0.222713
237.578,673.78,0.935285
277.517,688.397,0.723071
227.483,662.897,1.39498
275.821,670.57,1.7677
254.521,702.724,0.927805
240.295,724.263,1.95205
265.298,663.314,2.60044
228.242,670.995,2.8071
225.04,675.525,3.1784
267.123,682.779,2.69725
273.182,690.383,1.84732
256.028,658.174,3.71745
241.79,660.936,3.1054
284.235,664.365,3.12207
285.155,691.107,3.57363
343.663,634.584,0.482498
322.68,647.955,0.46876
339.98,640.321,0.745248
356.992,610.064,1.97936
355.311,594.18,3.28344
350.128,604.595,3.22769
375.076,583.089,0.557779
407.473,590.342,-0.353548
366.193,614.904,-0.0209805
363.422,640,0.511632
418.948,601.018,3.11877
394.871,624.357,2.77843
385.737,634.34,3.79857
397.843,643.93,3.53025
455.619,584.841,0.926348
489.895,645.949,0.295187
461.804,646.792,0.724443
450.317,587.213,1.91368
473.516,616.655,0.939379
455.656,637.834,1.09752
471.576,640.01,1.37108
462.514,605.13,1.90925
470.791,624.141,2.18245
490.015,587.18,3.49787
482.085,592.361,3.92524
496.643,598.008,2.72841
489.127,599.524,2.99649
477.707,613.868,3.24088
513.624,602.941,0.16443
511.743,616.872,0.403503
570.569,646.516,-0.185204
549.683,651.01,0.0628089
535.408,590.947,1.43704
510.435,628.274,1.5656
528.939,598.782,2.61826
530.749,611.526,2.01373
545.823,624.238,2.08193
533.419,646.588,2.38191
541.861,606.388,3.77654
559.078,634.77,2.62507
597.412,592.473,0.548423
594.575,602.132,0.437704
653.169,613.036,0.410536
629.092,636.521,1.23038
592.054,635.04,2.38521
614.436,638.92,1.80076
645.183,602.359,3.74036
607.328,608.856,3.75797
639.139,628.078,3.97008
694.904,606.962,0.43232
690.036,621.329,0.373257
672.47,630.753,1.38479
669.138,522.523,2.59918
684.017,579.801,2.32412
661.543,514.033,3.87827
655.44,513.764,4.14587
661.883,526.753,3.0509
59.0822,584.952,0.231049
61.9146,593.315,0.292572
40.0174,591.704,1.11317
17.765,630.742,1.91579
27.9702,637.738,1.95834
53.9035,582.184,3.74334
42.584,582.286,3.64073
71.0887,597.203,3.26361
65.1378,599.434,3.2645
64.5676,623.006,3.50397
69.8629,637.57,2.93456
115.669,587.726,0.938904
80.66,600.254,-0.395159
95.1908,607.942,0.332013
110.521,629.857,-0.151888
76.0259,638.232,1.0987
121.491,648.53,0.598023
79.8116,606.019,0.987483
97.9917,585.405,2.71518
125.361,636.989,2.7993
118.777,594.799,3.76982
113.398,596.624,3.26596
102.828,610.175,3.38417
77.2755,612.604,3.52975
86.5415,614.826,3.51956
137.648,617.678,2.2393
78.7812,634.631,3.44284
99.1459,647.908,3.14152
87.4841,649.316,3.15373
93.3616,650.427,3.86746
146.02,589.017,0.508493
147.447,602.632,0.993636
183.38,650.932,0.634257
178.407,593.05,0.978948
146.089,649.518,1.64491
204.381,650.866,1.54216
178.622,615.696,2.41874
177.374,583.809,3.80887
209.785,586.953,3.14976
188.779,653.358,2.34667
259.824,604.648,1.17195
270.697,649.964,0.75627
285.903,590.697,1.53055
283.051,617.956,1.6222
270.218,593.256,2.56688
254.288,651.485,2.0669
269.328,653.987,2.4827
239.578,593.81,3.9815
258.634,614.615,3.76721
276.223,638.635,3.422
263.582,649.902,3.30805
348.552,614.277,0.897172
295.811,545.455,1.44947
352.588,509.283,2.54602
296.492,516.742,2.33755
291.88,528.838,1.79785
355.884,575.452,2.52625
358.555,525.804,4.07946
337.782,550.719,3.49845
418.521,509.102,0.212002
372.749,540.587,0.445436
377.427,510.685,1.74994
420.656,534.998,0.847174
388.034,538.832,1.55744
406.572,543.95,1.46174
389.476,552.588,3.2569
468.165,511.515,-0.0945684
479.823,509.842,1.71671
462.269,520.986,1.66298
447.732,535.903,0.903298
450.604,557.796,1.76714
440.142,514.288,2.10068
457.523,524.682,2.40014
449.501,519.997,3.58186
488.038,544.392,2.99725
467.749,572.892,3.96395
455.977,579.806,3.79412
571.226,562.454,1.52532
558.477,563.75,-0.0320906
545.856,573.255,1.71031
551.198,576.011,0.070254
559.358,512.249,1.0324
554.159,516.344,1.15516
580.113,544.229,2.823
579.966,564.307,2.95318
543.794,512.802,3.69155
525.517,521.024,3.02034
539.365,526.288,3.81967
568.722,528.234,2.96618
515.622,562.784,2.96745
628.561,529.945,0.0922744
634.7,541.295,0.281004
616.48,549.348,0.271199
604.177,559.413,-0.0656301
620.725,546.395,1.12458
628.661,559.419,1.32127
606.732,573.92,1.94292
641.181,508.828,2.83278
632.365,524.437,1.7393
616.768,545.953,3.27358
647.237,567.841,2.37249
601.559,515.296,3.2235
593.034,533.497,3.70084
594.671,540.269,3.11546
625.724,540.179,3.3368
620.529,541.459,3.55952
606.52,544.666,3.64092
653.85,547.917,3.26959
614.718,558.711,2.81333
680.992,532.49,-0.297365
660.317,540.706,0.68427
670.754,561.922,0.781252
666.511,515.283,1.14369
27.6405,569.251,-0.099053
3.10257,578.68,0.479172
65.4426,536.133,1.34953
5.22601,564.235,1.73621
63.1107,568.003,0.533209
10.8896,527.706,2.72854
4.98253,546.839,2.84288
50.792,568.574,2.63216
16.7159,544.302,3.46788
63.9115,563.867,3.57508
76.9438,512.2,0.125902
107.969,533.475,0.858906
85.4936,533.652,1.50373
136.727,539.333,0.796615
131.965,555.609,1.76565
103.35,515.133,1.87061
139.8,510.722,3.38602
131.592,532.194,2.33431
84.7112,546.136,3.6433
124.192,548.474,3.66236
101.853,551.259,3.27544
80.7508,555.137,2.98333
143.936,555.68,2.92147
134.902,567.865,3.28298
166.943,509.694,0.491475
166.649,526.06,0.173831
201.605,535.291,-0.1501
167.801,549.297,0.496952
198.578,556.608,0.476761
158.288,563.412,1.36072
180.198,565.893,0.998894
166.776,575.065,1.28434
176.423,574.19,0.78612
159.482,515.803,2.206
195.701,526.606,2.20293
148.225,513.214,3.35727
145.459,523.241,3.32768
191.055,524.558,3.87311
164.091,526.562,3.89122
216.86,531.13,3.51908
181.218,545.897,4.0805
162.125,571.652,3.7797
260.435,526.714,0.570258
226.515,535.084,0.355956
224.957,563.962,0.247539
219.408,566.54,0.31649
259.129,511.458,1.16417
236.737,521.113,1.5478
243.266,572.338,1.65023
251.03,508.928,3.29574
218.149,515.089,3.336
275.452,538.989,2.98611
320.865,522.893,0.294975
312.971,518.427,1.06487
453.514,445.015,1.23942
508.686,457.377,1.29733
503.457,443.512,2.90254
488.512,473.703,2.60571
504.724,479.371,2.1386
473.625,497.481,2.68376
486.52,502.775,2.365
452.681,494.993,3.14638
445.37,497.505,3.50949
465.92,502.664,3.68007
567.534,454.361,0.707228
535.511,470.405,0.740015
522.639,508.175,0.0602225
548.767,448.426,1.8025
570.907,448.76,1.91672
511.225,482.118,1.65898
514.712,485.927,1.38828
561.063,494.356,0.789907
559.34,442.277,2.16503
541.222,485.461,2.42791
542.486,499.665,1.90217
570.732,465.256,2.80993
535.846,479.672,3.29673
621.074,447.26,0.218243
582.567,483.216,0.584615
653.621,437.188,1.82794
626.239,459.93,1.46391
616.397,465.857,1.11829
639.662,465.828,1.63048
626.645,477.436,1.66337
608.701,501.285,1.27858
610.892,472.581,2.00918
624.796,473.257,2.04381
645.635,497.252,2.28419
616.487,443.095,2.81598
604.144,445.235,3.66852
651.465,448.021,3.54341
586.779,449.743,3.2995
596.414,451.364,3.14187
631.1,461.373,2.97338
613.46,462.749,3.06497
616.41,478.842,3.81077
613.97,486.502,3.79942
643.984,503.291,3.24584
606.267,504.763,3.70472
662.41,440.46,1.44964
687.772,454.075,0.437989
675.187,469.548,0.735279
679.73,473.259,1.33034
665.243,498.558,0.848646
664.964,504.81,0.310038
670.148,506.096,0.450334
695.021,506.479,0.787131
677.596,449.391,2.7418
670.321,465.805,2.37851
694.691,473.396,2.38786
683.458,487.529,2.17364
679.492,497.389,2.86324
670.595,440.13,3.72875
689.388,502.652,3.23734
658.862,505.84,3.30662
11.4572,525.69,0.909007
57.7954,554.983,0.445428
196.401,456.313,0.260702
191.005,465.817,0.0628646
170.216,479.904,0.6825
191.983,503.498,0.784287
216.545,507.661,0.866787
196.356,449.157,1.57639
146.961,457.468,1.3974
160.592,457.833,1.98365
197.015,482.042,1.27794
164.868,489.762,0.356282
181.36,501.186,1.59309
197.441,474.933,1.96757
174.926,491.359,2.0318
157.937,504.303,2.91074
150.619,477.535,3.21955
173.857,481.5,3.24439
149.398,490.184,3.09444
201.059,493.677,3.85434
187.694,504.182,3.15387
280.523,440.546,0.123153
242.913,448.579,-0.586292
281.842,457.377,-0.028135
240.818,505.708,0.352892
246.367,458.587,1.24167
222.373,476.354,1.56
242.959,491.126,1.36882
286.576,504.292,3.11542
357.007,468.354,0.507072
339.536,491.017,-0.72587
334.945,500.628,0.0196191
303.339,445.737,1.62174
325.908,448.002,0.881631
294.312,460.078,1.26717
331.54,462.347,1.05072
304.02,469.468,0.880958
311.334,477.02,2.26962
359.44,491.927,0.648939
312.726,496.296,0.809749
302.798,505.694,0.821247
337.805,454.619,2.80691
350.051,464.697,2.1205
323.16,500.363,2.99838
340.659,436.897,2.98711
301.154,440.502,2.7504
313.589,463.145,3.61088
324.584,493.724,3.71448
426.155,438.904,0.838861
428.706,453.629,0.973679
366.498,481.64,1.22212
381.223,438.092,2.08949
392.562,439.553,2.27855
426.33,462.112,3.38162
398.128,493.968,3.48143
411.402,507.376,3.50233
469.342,440.015,0.252689
481.495,441.346,0.648371
473.696,446.246,-0.360832
499.481,455.484,0.196058
441.155,458.143,0.179245
466.974,491.793,0.0813874
492.525,493.777,0.385121
622.311,404.248,0.483533
601.505,409.459,0.139592
645.687,421.67,0.123741
643.75,382.117,0.636115
595.642,408.213,0.867572
638.671,414.985,1.09741
597.044,415.854,1.91066
608.462,420.389,1.04773
594.166,394.704,2.4914
633.58,408.775,2.17129
586.988,430.683,2.04112
601.489,434.33,2.96468
637.661,435.394,1.79486
601.157,365.099,3.53224
615.622,379.947,3.22323
627.651,390.053,3.69727
628.213,410.758,3.84314
651.504,416.667,3.45985
596.393,420.838,3.35232
667.112,363.839,2.08648
677.049,429.655,2.4094
666.873,373.97,3.76701
663.103,384.024,3.44284
16.3326,485.267,1.48031
36.067,483.151,0.627567
52.4075,488.841,0.124843
26.9636,444.138,0.815398
19.6433,453.817,0.901935
64.636,458.023,1.8477
8.15926,478.646,0.75808
61.5971,492.276,1.66494
36.4881,501.391,1.53765
25.7068,463.209,2.96214
44.2898,481.26,1.87297
29.3533,447.301,3.16326
27.1035,451.63,3.87482
38.399,457.442,3.00152
29.7137,494.538,3.63323
62.6638,499.57,3.53865
33.6597,504.192,3.55408
54.2936,506.052,3.0892
142.481,468.72,0.382747
140.205,437.333,1.88364
91.8238,460.799,1.53381
80.8165,468.58,1.34989
84.0097,494.804,1.07358
123.089,507.013,0.865328
95.6119,443.379,2.62883
109.731,447.318,2.01363
82.4938,460.647,1.91701
115.192,467.1,2.16542
127.042,453.093,3.73849
144.407,452.906,3.72915
113.386,455.124,3.01516
100.098,497.521,3.42999
91.7922,500.745,3.2529
174.998,438.982,0.77752
296.562,400.283,3.49762
353.02,412.517,2.80409
334.826,422.576,3.4117
411.514,367.718,0.488686
382.655,369.9,-0.111681
412.828,417.983,-0.528554
431.928,423.453,0.0168604
377.548,372.965,1.98608
374.648,385.546,1.28766
383.376,381.997,1.72958
428.634,386.216,2.29405
383.042,395.591,2.92697
386.215,407.707,2.49085
387.253,420.855,2.48059
366.789,425.68,2.17215
373.168,401.756,3.75653
381.659,403.776,2.85924
403.478,405.629,3.57746
409.149,421.388,3.5513
416.949,425.771,3.31791
397.493,431.243,3.69697
467.092,403.517,0.544033
490.365,414.329,-0.0711632
496.779,431.996,-0.16991
441.186,366.924,2.7066
486.947,405.667,2.65415
479.143,426.311,1.78141
462.035,367.719,2.99331
494.964,376.926,3.26201
483.014,382.347,3.94855
446.761,383.109,3.50188
449.288,387.964,3.268
483.378,388.883,3.56733
488.448,420.983,3.5403
525.599,373.081,0.772226
525.083,400.221,0.471738
528.245,404.641,0.645638
569.961,407.663,1.09758
539.901,419.363,0.122962
547.466,370.052,2.12579
580.386,371.98,2.23624
539.912,378.16,2.27116
514.083,383.745,2.01976
566.881,384.674,2.73762
569.43,421.978,2.80185
577.219,422.662,2.0974
518.983,364.364,3.6114
518.099,368.881,2.90062
537.038,369.689,3.72654
555.441,371.049,3.65224
520.392,410.466,3.63635
564.379,418.773,3.32374
573.311,426.838,3.67562
578.927,427.995,3.69419
624.713,365.137,0.165149
590.569,372.355,0.274697
620.539,386.171,-0.249936
638.339,392.192,-0.0748195
79.2235,401.047,0.656054
118.27,403.402,-0.181111
100.614,409.52,-0.0235247
108.835,411.737,-0.210022
94.2038,413.829,0.252522
73.0277,430.666,0.330551
134.685,373.547,0.380574
141.587,375.585,0.767794
106.247,387.015,0.728669
98.518,389.162,1.41241
143.296,400.172,2.01038
109.208,422.519,1.05587
83.1552,436.057,1.6978
128.838,375.581,2.81668
94.9156,376.924,2.96029
120.896,392.113,2.91442
144.182,378.047,3.08156
101.513,379.526,3.46927
111.723,379.694,3.99997
109.062,382.504,3.67292
125.439,382.099,3.48899
139.09,389.11,3.37697
132.11,397.996,3.62582
135.172,401.377,3.70906
135.072,407.35,3.09338
142.522,419.776,3.5645
102.326,431.181,3.50336
160.953,366.791,0.632447
202.503,389.305,0.600579
196.397,401.249,0.735828
185.811,402.678,-0.00597622
170.256,416.568,0.38657
160.325,423.182,0.216633
186.581,378.441,2.26254
194.818,364.548,2.64585
169.331,366.08,3.49438
182.674,390.404,3.51159
214.833,403.424,3.82139
169.231,431.194,3.79783
228.857,383.655,0.903256
219.642,428.236,0.582846
235.726,433.834,0.448122
220.018,364.193,1.49246
227.715,367.899,1.12067
264.416,392.446,0.894964
290.553,396.722,1.65857
257.869,399.3,3.63068
242.463,429.196,3.49747
313.686,396.52,1.30266
313.394,400.907,1.39784
305.694,428.352,1.67365
295.039,393.834,2.64124
329.366,397.488,2.9018
317.588,424.513,2.31503
348.328,373.914,3.64942
507.609,353.674,1.61862
442.384,355.172,1.36408
458.031,292.507,2.85545
473.505,313.076,2.80539
439.278,327.027,1.99554
452.879,338.203,2.45981
467.744,358.963,2.1133
436.979,362.934,1.94743
490.209,292.675,3.57605
438.631,303.981,3.68587
473.622,304.829,3.65127
491.32,319.18,3.49042
444.335,324.64,2.74331
467.345,328.472,2.97416
438.479,338.186,3.34773
491.024,343.983,3.77967
492.553,354.094,3.31552
522.905,296.274,0.348926
556.163,297.062,0.735997
530.708,299.441,0.278387
512.561,310.294,1.91407
549.884,335.816,0.923758
540.602,353.521,1.47111
544.807,322.427,2.16351
525.56,341.233,1.80005
555.525,352.242,2.45403
537.696,359.48,2.45659
523.896,361.401,2.21871
550.109,299.768,3.26831
566.703,304.838,2.64694
577.517,315.795,2.94525
562.885,319.24,3.70178
575.712,345.395,2.88801
607.235,297.993,0.600753
605.727,328.527,0.31959
601.554,346.554,0.121727
587.384,353.398,0.358351
592.446,356.497,0.218586
620.269,300.265,0.962363
603.065,301.514,1.232
636.72,315.659,1.70118
610.825,316.833,2.01747
618.877,329.185,2.39042
603.797,333.805,1.93527
603.483,312.354,3.59988
626.294,336.975,3.41632
612.128,347.759,3.78811
60.1631,410.991,0.506537
65.0546,432.483,0.831719
71.2976,366.091,0.87854
71.9432,404.541,0.810508
67.3731,421.59,0.820511
45.3814,418.755,2.84673
54.0139,420.734,2.08908
28.1891,428.675,2.20561
66.3118,399.063,3.41788
72.9461,393.869,0.611953
290.559,329.639,0.996662
286.859,291.866,2.34217
266.817,319.347,2.71535
219.714,317.189,3.26641
249.478,319.828,3.5254
228.547,320.275,3.51549
282.066,321.213,3.52438
275.341,337.504,3.4432
263.457,347.742,3.64062
273.214,363.364,3.46979
326.57,322.418,0.706118
300.224,332.87,0.0120673
338.949,349.95,0.367995
305.763,293.427,1.4407
326.385,347.15,1.16695
336.633,312.297,2.34046
337.648,320.104,2.64119
331.413,344.896,2.15917
358.186,350.695,2.85935
346.892,290.834,2.98594
353.464,297.504,3.68678
331.05,299.487,3.02181
325.716,300.444,3.15542
316.3,300.425,3.26652
332.199,316.199,3.13731
355.525,332.502,2.97053
342.394,339.505,3.39173
312.054,340.02,3.60922
304.008,345.979,2.99655
300.094,348.511,3.30468
351.258,349.769,3.08459
311.507,351.565,3.46009
344.258,359.339,3.39226
370.74,294.897,0.10316
390.042,307.249,0.706566
374.451,320.792,0.592621
423.597,330.062,-0.280628
363.533,334.942,0.558481
413.268,347.248,0.0682898
424.497,300.403,0.830131
382.311,331.612,1.5194
428.952,345.062,1.9919
394.788,347.806,1.7094
405.12,350.496,1.35892
423.076,357.427,1.05373
377.95,293.603,1.77811
372.576,332.345,2.1122
388.673,344.147,2.12666
412.357,291.598,3.40057
398.217,297.327,3.40829
404.56,299.232,3.71305
398.539,308.823,2.92022
366.154,340.711,3.54819
424.23,346.141,3.8644
405.246,356.277,3.13597
390.573,361.118,3.70764
506.477,313.137,0.689144
487.838,353.265,0.79622
491.044,361.518,-0.095112
467.122,296.158,1.18285
481.418,299.832,1.18623
442.541,302.242,1.31484
476.947,340.673,2.58081
632.169,279.339,0.660601
585.789,262.721,2.65003
610.462,286.542,2.75263
598.402,270.465,3.4556
69.4769,303.792,-0.21444
62.0743,343.068,2.56625
112.507,291.895,0.833542
109.081,299.818,-0.0516088
103.317,302.009,0.327266
144.208,322.705,0.0843108
124.811,326.506,0.188467
121.14,353.858,0.489105
97.2046,357.724,-0.0260642
118.491,293.705,1.99539
88.5704,304.926,0.232335
101.334,307.345,1.29716
91.5125,311.519,1.20787
88.0577,319.803,1.60555
105.614,353.285,1.12423
91.0893,355.409,1.58866
96.6164,306.7,2.18141
116.485,316.376,2.60153
136.892,323.327,2.94895
89.1309,343.987,1.19095
145.187,304.137,3.34871
87.8994,307.845,3.4103
113.163,314.342,3.83699
119.65,317.589,3.21089
115.744,334.625,3.03161
80.0877,339.822,3.63201
83.091,343.817,3.28127
141.348,346.952,3.42426
77.6512,362.031,2.9449
201.222,311.672,0.31064
200.452,337.537,1.04599
145.568,346.077,-0.0256929
146.383,350.693,-0.23108
161.692,291.334,1.47936
216.932,303.153,1.62415
195.418,320.737,1.99908
200.333,349.03,1.59917
190.223,356.222,1.70112
152.988,296.786,2.6483
154.994,318.621,1.76024
169.839,334.681,2.38389
152.122,345.776,2.06757
180.138,350.905,2.02283
153.805,301.823,3.50688
185.455,302.115,3.4898
189.795,331.55,3.93194
184.418,334.24,3.41302
189.012,341.767,3.03806
211.223,354.507,3.6649
172.292,355.695,3.43518
269.042,330.497,0.221164
257.929,315.258,1.54886
396.939,277.356,1.94071
371.791,276.511,2.32225
390.422,280.804,2.5451
365.666,222.89,3.42322
426.94,232.937,3.08732
381.182,237.918,3.39961
402.471,238.682,3.3134
391.733,252.823,3.38322
390.835,262.175,3.53254
424.597,266.555,3.25235
404.815,267.307,3.89785
388.423,269.408,3.65646
438.274,227.004,0.86639
493.769,246.775,0.456884
452.835,247.79,-0.0774737
502.988,260.92,-0.174978
477.194,290.506,0.486771
466.21,230.636,1.1638
448.033,243.314,1.03834
504.61,249.889,1.30394
449.602,251.353,1.02523
440.261,262.549,1.29376
454.905,276.422,1.26464
497.68,286.988,0.680592
498.443,244.459,1.80428
489.085,267.191,2.99924
439.877,271.159,2.48692
468.109,237.314,3.50738
443.578,244.41,3.5961
454.151,252.666,3.63082
466.028,254.877,3.17641
449.529,255.654,3.29401
493.652,262.794,3.36429
458.891,271.033,3.25153
461.426,272.671,3.68524
459.744,287.282,3.74416
546.615,242.804,-0.0876422
515.404,246.839,0.466164
515.532,254.709,0.524352
538.176,269.858,0.359287
526.794,231.276,1.1995
570.47,236.53,1.19455
573.687,246.671,0.955702
557.246,248.541,1.54956
536.349,250.024,1.56124
574.753,278.643,1.4705
544.052,288.638,1.2224
572.553,288.739,1.6564
546.372,223.948,1.83681
525.71,224.577,2.45146
541.419,253.583,1.93802
534.904,261.964,2.62403
532.237,278.945,2.67327
581.536,290.382,1.94035
512.634,233.419,3.7377
545.986,247.747,2.90381
516.231,259.667,2.93641
569.565,260.671,3.78699
563.235,281.674,3.32566
577.355,282.859,3.33339
264.159,236.131,2.07703
247.492,246.96,2.74125
282.289,248.366,2.35359
258.23,258.237,2.25635
281.689,258.728,2.86282
230.817,262.263,2.94291
225.774,271.487,2.29878
276.257,271.324,2.22374
281.091,283.014,2.11467
219.387,284.603,2.79487
232.269,284.546,2.70924
234.693,288.23,2.53456
279.728,254.724,3.41615
245.57,256.23,3.61279
235.192,260.756,3.30245
222.855,262.57,3.22789
254.075,270.427,3.70565
289.212,274.262,3.50779
357.888,221.709,0.674139
310.469,244.055,0.197186
356.548,248.089,-0.0810361
304.602,251.471,1.26638
349.473,269.403,-0.186955
294.709,273.213,0.753303
360.769,277.697,0.281562
304.689,278.131,0.589537
298.802,248.269,1.19683
312.584,266.695,1.43079
318.763,268.749,1.75162
330.358,283.358,2.47864
360.605,223.586,3.70639
323.03,232.998,3.65692
296.367,235.388,3.73917
362.109,248.52,3.44505
301.55,255.397,3.16779
307.569,256.76,3.45548
345.835,256.668,3.22795
321.382,283.588,2.93353
395.712,227.352,0.571388
412.152,240.714,0.407839
379.968,242.006,0.202731
419.007,243.503,0.725136
393.994,256.928,1.15542
368.36,258.52,0.0258513
368.686,266.226,0.0662854
412.222,273.457,0.592529
380.549,278.406,0.115622
399.363,285.327,0.638278
373.887,231.307,1.34207
403.487,254.039,1.53872
363.735,263.227,1.02956
410.327,226.292,2.08561
425.059,245.2,1.97231
380.901,255.776,2.76731
433.182,256.423,2.21911
397.612,261.192,2.79015
379.76,262.202,2.48131
386.01,263.345,2.17192
392.434,270.887,2.09345
396.304,194.56,2.65353
376.604,195.297,2.66487
382.468,205.869,1.99801
414.045,217.311,3.02096
430.077,157.1,2.92641
375.577,161.762,3.10462
433.837,161.73,3.00255
382.892,197.515,3.60812
420.756,207.83,3.0845
399.028,217.085,3.62259
502.688,217.411,0.601091
467.801,161.412,2.4802
476.203,166.358,3.36281
449.509,197.453,3.45199
504.804,200.67,3.28543
515.094,214.164,0.482529
509.095,191.089,1.52039
526.127,157.935,2.0102
539.383,166.894,1.95701
543,176.241,2.56249
532.881,162.463,2.80286
538.501,177.245,3.50535
533.954,185.054,3.5785
139.793,269.416,-0.0508449
125.859,272.617,0.345502
115.771,282.229,0.394044
106.906,220.462,1.71341
137.426,236.472,1.18662
137.049,260.106,0.660541
138.961,276.231,2.10669
99.1936,284.213,2.23411
137.916,264.731,3.44317
143.738,268.873,3.20467
131.514,284.382,3.58397
110.943,289.576,3.27035
173.194,259.766,1.22751
155.001,266.029,1.96206
190.542,267.233,3.08432
203.174,266.483,2.49854
190.11,272.903,2.27238
201.629,237.611,3.55762
191.525,257.929,3.0993
197.325,262.909,3.00112
212.481,263.867,3.43201
166.237,270.03,3.7228
156.169,271.744,3.4984
183.744,274.316,3.41146
156.195,279.528,3.39236
261.344,246.972,0.774524
244.009,264.46,0.284553
239.58,269.568,0.505949
272.391,271.718,0.39154
286.686,279.698,0.692182
264.201,220.346,1.0187
232.826,242.627,0.85662
235.545,230.416,2.9788
456.025,1064.71,-1.08463
481.667,1036.94,-0.62651
296.567,1098.73,-1.98621
274.351,65.416,1.99264
359.36,60.3494,3.67644
340.223,65.0501,2.89705
271.78,122.962,0.687302
239.072,124.797,0.988981
226.38,116.459,1.3957
227.724,127.332,2.16934
263.917,106.951,3.08939
320.286,79.4685,0.0866646
337.924,84.7807,0.0959437
345.57,98.1978,0.217454
410.734,97.3778,0.617863
362.756,122.999,2.23661
395.614,129.251,3.02094
436.605,108.52,0.273031
446.927,138.111,0.446368
463.925,106.135,1.97418
474.921,110.037,2.52205
492.096,99.3032,3.21018
114.21,213.173,1.57348
155.631,180.607,1.77051
200.25,208.818,0.969472
198.594,159.137,3.59418
157.555,184.639,3.33995
164.929,190.667,3.09295
265.842,153.483,0.685865
282.278,204.067,1.58815
335.362,168.266,0.985659
316.706,199.527,-0.151832
361.314,208.314,0.0337284
294.665,158.843,1.52251
350.009,195.995,1.78
348.859,212.454,1.42259
337.402,179.239,3.46349
304.426,183.92,3.84724
320.121,186.217,3.67067
433.696,186.362,0.587839
376.846,159.383,0.955761
413.081,165.647,1.0251
413.47,187.104,1.35831
402.065,206.431,1.04376
426.734,217.299,1.46907
300.509,971.379,-3.91426
361.508,972.886,-3.86721
301.4,990.494,-3.57431
301.728,1014.8,-2.83172
293.492,1016.37,-2.33684
330.38,959.554,-2.08935
330.507,984.061,-0.454136
374.232,962.03,-3.90104
391.798,985.156,-3.93285
401.748,998.14,-3.12598
385.224,948.927,-2.43852
399.072,957.678,-1.21692
367.849,989.784,-0.511229
501.883,950.137,-2.78454
502.124,979.757,-2.98514
489.411,950.44,-1.21296
449.511,965.162,-1.78533
480.056,948.769,-1.33368
483.895,962.963,-0.308729
540.101,973.532,-3.53247
519.969,947.2,-2.9728
532.217,954.498,-2.79014
134.192,1019.08,-2.95047
144.763,1071.69,-0.716794
216.534,1046.29,-3.81798
208.118,1021.55,-2.86643
202.006,1067.29,-2.43234
262.985,1029.15,-3.69528
276.816,1030.95,-3.33692
283.947,1059.56,-3.59407
261.899,1063.26,-3.05939
279.377,1025.77,-1.96196
243,1038.98,-1.83297
252.286,1056.38,-0.973043
266.952,1081.92,-1.32728
255.611,1018.36,-0.852804
247.83,1042.55,-0.687599
247.677,1081.57,-0.704127
303.283,1034.54,-3.50558
292.957,1045.17,-3.69623
335.832,1048.39,-3.34254
319.157,1068.61,-3.48763
300.435,1039.26,-3.17639
307.254,1071.73,-3.18488
297.172,1076.85,-2.50497
553.815,934.481,-3.24992
539.776,881.844,-1.78127
532.81,890.205,-1.77689
510.595,892.589,-1.91057
518.168,896.373,-1.30412
510.312,902.435,-1.41491
580.813,917.15,-1.21362
510.535,918.74,-1.73434
562.934,910.172,-0.783943
510.533,912.187,-0.962559
543.08,932.792,-0.1521
557.063,935.96,-1.68028
590.618,878.576,-3.06885
587.931,926.008,-1.22336
47.0076,1007.67,-3.75968
52.0528,959.277,-0.558479
104.834,948.412,-3.59274
124.797,1001.64,-2.87162
105.756,983.634,-0.283985
78.5235,995.159,-0.241848
129.1,1010.61,-0.696379
99.9074,1016.72,-0.378259
160.497,948.422,-3.78907
192.62,999.294,-3.28225
181.947,989.764,-2.44393
205.869,1014.09,-2.151
204.619,948.791,-1.66451
195.509,997.228,-1.72304
171.387,958.01,-0.457042
209.869,962.96,-0.828282
284.018,951.936,-2.65642
242.013,970.131,-2.34637
283.736,960.933,-2.07726
238.722,965.403,-1.03728
266.582,976.421,-1.83179
284.797,979.226,-2.01692
245.241,979.603,-1.51339
275.149,999.268,-2.10218
229.701,1002.55,-1.17324
251.741,1014.46,-1.64092
263.699,1015.25,-1.77289
269.906,945.363,-0.621614
250.588,958.993,-0.406965
242.735,961.098,-0.212633
269.074,989.651,-1.10838
289.083,991.374,-0.339616
247.627,1004.83,-0.432202
243.954,1013.66,-0.755732
311.068,945.603,-3.61615
253.575,907.621,-1.04781
257.535,911.654,-0.661913
275.001,916.186,-0.504152
315.047,932.161,-3.10359
353.693,885.532,-2.85032
310.292,922.039,-2.36224
327.804,897.289,-1.83454
322.816,905.383,-1.27304
362.038,925.084,-1.04027
349.717,927.812,-1.62864
325.084,938.352,-1.77576
363.378,938.864,-1.11173
348.996,872.601,-0.895403
343.584,888.581,-0.751922
326.881,889.846,0.0480623
292.408,932.879,-0.250593
332.835,936.412,-0.386921
389.33,880.359,-3.64582
400.045,924.994,-3.64893
390.338,933.54,-3.62568
389.143,936.779,-3.45703
380.565,872.937,-2.18301
429.294,890.987,-2.61067
396.528,914.591,-2.44483
385.218,919.9,-3.04389
402.253,883.418,-1.42493
366.451,883.532,-1.6311
387.533,897.23,-1.16996
366.723,911.227,-1.22756
399.762,893.953,-0.496915
381.675,929.881,-0.670279
364.103,932.364,-1.11172
470.975,929.091,-3.23268
443.977,888.991,-2.14325
438.217,915.912,-2.82799
457.985,931.927,-2.17802
452.254,884.679,-1.67627
487.918,900.48,-1.08481
468.323,913.77,-2.19987
462.101,918.436,-1.75709
476.436,918.109,-1.11978
462.588,928.735,-1.15182
464.058,944.036,-1.55593
472.595,878.871,-0.220778
454.452,896.472,-0.926712
482.642,902.047,-1.19119
492.678,902.2,-0.363045
472.319,904.041,-0.712165
477.533,904.722,-0.539651
466.937,918.265,-0.364528
544.091,918.956,-3.84024
573.241,934.545,-3.60627
534.143,857.161,-2.60091
541.824,862.447,-2.736
511.8,853.078,-1.47956
529.095,858.523,-2.09844
531.126,862.963,-1.12538
533.765,870.795,-1.71683
523.287,801.827,-0.982289
537.886,807.318,-0.850323
555.392,816.538,-0.373742
509.356,825.545,-0.320058
516.915,838.252,-0.644745
653.072,819.565,-3.66815
612.038,856.322,-4.0343
631.197,831.342,-2.86684
635.841,839.036,-3.06602
635.759,811.677,-1.82347
632.948,819.904,-1.18183
586.376,845.116,-1.79918
583.2,857.624,-1.20852
46.2832,873.015,-3.02166
119.109,889.816,-4.28676
104.429,873.93,-1.67577
140.157,876.267,-1.60689
121.318,882.138,-1.89419
123.506,896.433,-1.65881
122.726,891.001,-1.54664
155.952,940.623,-3.78292
155.484,890.962,-2.7605
175.985,910.811,-2.77329
155.632,935.13,-2.48938
211.545,876.618,-1.97322
176.257,878.153,-1.94964
145.963,881.695,-1.5466
211.092,929.258,-1.41576
197.842,913.871,-0.602943
174.977,920.642,-0.325039
205.958,927.573,-0.678446
168.599,940.799,-0.237424
269.414,883.539,-3.48787
247.221,887.014,-3.38794
258.969,876.254,-2.60008
257.868,880.905,-2.58381
239.614,902.613,-2.1165
230.932,904.192,-1.37689
248.254,932.936,-1.19765
244.695,878.853,-0.490121
195.845,816.4,-0.38425
175.694,822.523,-0.302228
200.849,823.374,-0.758162
204.105,856.814,-0.296685
195.452,864.358,-0.569961
285.411,800.438,-3.8372
277.838,800.274,-2.33313
237.133,813.754,-2.10861
282.753,835.268,-2.65449
227.414,811.611,-1.47856
276.181,811.776,-2.19419
257.52,823.527,-1.15359
247.737,835.115,-1.92889
267.967,860.914,-1.1928
218.101,868.807,-1.64537
285.894,824.187,-0.278133
248.304,826.619,-0.401435
270.327,829.65,-0.103304
288.116,848.488,-1.14465
361.251,812.089,-2.22405
318.794,814.034,-2.7981
358.804,816.414,-1.8352
321.841,826.457,-1.20108
291.672,841.398,-1.47564
333.552,832.382,-0.544188
347.442,841.028,-1.32017
331.426,862.954,-0.239603
388.474,813.023,-3.34439
390.332,805.951,-2.89268
375.403,852.572,-2.44656
368.011,831.01,-1.50714
397.466,833.35,-2.11639
384.271,841.038,-2.13262
426.935,858.841,-1.2324
387.46,870.715,-2.07818
412.19,807.893,-0.593813
427.257,847.197,-0.759417
379.458,848.481,-0.802368
398.022,852.01,-0.39741
428.325,868.13,-0.00641828
469.332,866.051,-2.61908
496.1,816.577,-0.851397
467.782,819.941,-1.81912
501.591,820.01,-1.43128
504.457,827.76,-1.52888
474.393,844.529,-1.43888
482.395,845.026,-1.31292
452.528,846.98,-1.58554
484.609,849.64,-1.37505
493.742,857.547,-1.06185
482.032,827.001,-0.409841
462.365,836.103,-0.734783
508.893,846.189,-1.0797
437.412,847.038,-1.049
438.476,852.704,-1.02513
517.636,803.48,-2.09286
552.37,813.048,-2.09151
579.984,829.313,-2.3192
613.152,785.247,-1.38604
597.397,727.454,-0.980435
642.769,742.835,-1.02526
590.846,796.699,-0.425899
666.619,731.486,-2.87035
677.095,746.158,-1.96168
653.731,764.384,-1.95458
656.696,731.979,-0.618723
664.229,735.087,-0.460516
42.1729,846.291,-3.99641
38.183,825.979,-3.06424
29.9702,859.089,-2.49784
53.7201,807.918,-1.71279
62.7383,817.005,-1.30403
65.0359,856.143,-1.81266
36.6951,833.885,-1.02637
101.709,860.261,-3.28357
142.112,804.287,-2.5102
83.207,846.335,-2.92116
124.307,851.253,-2.70682
111.585,863.431,-2.26697
96.9558,865.669,-3.05682
79.8333,807.269,-1.7687
90.1684,809.267,-1.99791
83.5769,811.127,-1.78708
101.753,822.295,-1.80866
74.5801,841.232,-1.85373
118.994,842.681,-2.19588
103.637,848.704,-0.715161
73.2905,850.672,-1.96991
144.832,861.066,-1.46219
143.523,871.228,-2.11402
140.675,800.687,-0.516859
122.351,808.663,-0.572223
104.328,815.492,-0.335855
130.585,816.957,-0.597397
112.611,819.415,-0.514843
143.341,831.196,-1.09298
80.3409,832.061,-0.443231
109.982,835.064,-1.27037
133.684,839.709,-0.740993
119.545,852.395,-0.941494
94.0546,859.25,-1.45497
92.3923,864.767,-1.10439
135.625,864.986,-0.725034
138.05,870.396,-0.76542
163.408,805.408,-3.48171
148.059,814.251,-3.74904
199.391,801.256,-3.25821
215.773,801.067,-2.11243
189.312,810.491,-2.4076
174.029,818.322,-2.2437
151.112,824.204,-2.80279
214.903,831.71,-2.3829
212.859,867.089,-2.33597
167.307,803.972,-1.67286
173.508,808.278,-1.50951
194.891,833.855,-1.2833
154.321,839.361,-1.9607
168.689,845.451,-1.46508
173.901,869.758,-1.46184
339.043,764.235,-2.53222
302.461,765.518,-2.2969
359.58,785.126,-2.24304
328.998,735.576,-1.62656
319.4,738.953,-0.87993
359.107,740.806,-1.54115
318.115,773.211,-1.33129
332.161,774.794,-1.74267
305.866,775.101,-1.60763
324.906,778.52,-0.933581
334.978,795.938,-1.98674
308.516,786.165,-0.907967
361.076,790.078,-0.323301
366.905,733.889,-3.57285
378.268,737.426,-3.24282
406.775,749.739,-3.21712
398.344,756.974,-3.62644
378.712,757.301,-3.57942
412.838,762.072,-3.91356
389.159,766.029,-3.85793
421.155,746.835,-2.74048
431.726,772.677,-2.82236
372.976,782.055,-2.92273
369.087,729.69,-1.69597
434.514,755.904,-2.20832
423.834,775.215,-1.46009
389.99,783.267,-1.47064
403.893,756.133,-0.523914
418.515,765.687,-0.48904
469.052,733.105,-3.18312
443.039,750.935,-2.84354
490.752,766.556,-2.27712
507.945,772.225,-2.26833
498.746,729.223,-1.14519
452.779,747.895,-1.46282
476.334,752.624,-1.81689
489.343,761.252,-1.76486
465.034,785.695,-1.52266
446.456,796.967,-2.32349
504.417,736.287,-0.687599
480.05,736.095,-0.55654
481.121,746.99,-1.14246
467.834,756.087,-0.635861
469.654,761.468,-0.119035
506.123,767.581,-0.222516
492.121,785.321,-0.405568
472.392,789.695,-0.560429
516.54,752.798,-0.89703
566.759,769.786,-0.742884
576.09,773.946,-0.4916
565.492,783.905,-1.33727
577.177,786.408,-0.114403
636.514,729.215,-2.10426
581.906,732.408,-1.42652
622.564,737.914,-1.09765
639.4,758.668,-1.64141
625.266,762.283,-1.25278
627.326,773.253,-1.54495
137.891,763.682,-2.77109
95.6564,728.26,-0.328619
110.639,764.802,-0.305478
91.6438,778.669,-0.596627
81.1935,781.203,-0.935948
119.393,786.91,-1.04491
98.094,797.218,-0.918643
217.921,732.95,-3.10657
197.934,743.064,-3.60628
155.266,751.521,-3.51893
207.163,763.633,-3.41918
171.319,776.219,-3.86641
169.381,793.931,-3.41582
204.145,730.322,-2.20169
209.887,731.249,-2.34398
210.191,738.378,-2.25366
197.863,748.963,-2.76232
209.268,748.892,-2.36978
168.854,751.514,-2.50533
163.858,773.187,-2.90331
192.76,774.126,-2.31642
209.504,790.231,-2.14316
162.163,794.648,-2.71363
170.776,731.383,-1.03177
153.318,772.822,-1.3742
159.807,780.887,-1.96764
175.369,789.137,-1.61598
150.449,730.139,-0.462883
173.643,750.522,-0.770926
205.611,757.987,-0.278212
147.288,774.159,-0.573075
165.926,790.774,-1.08109
178.552,793.211,0.0906394
236.409,734.379,-4.11444
250.912,738.534,-3.73263
258.014,727.882,-2.75059
266.499,758.886,-2.74631
249.331,762.088,-2.32745
256.265,772.246,-3.11409
229.367,772.449,-3.06953
248.785,777.83,-2.33623
223.929,782.963,-2.56681
259.982,785.912,-2.58708
232.289,786.262,-2.75637
220.6,736.562,-1.71973
274.221,744.701,-1.86138
271.833,758.785,-2.21317
225.921,798.316,-1.28451
266.124,745.595,-1.0696
274.839,769.797,-0.924424
229.124,776.481,-0.764671
245.309,796.275,-0.0745046
333.96,736.039,-3.36778
331.817,743.175,-3.25676
356.55,743.979,-4.02326
328.207,753.053,-3.78109
307.036,752.823,-3.43453
304.421,731.703,-2.97419
361.431,736.692,-2.91964
302.731,743.543,-2.60588
518.871,669.006,-2.29275
548.907,685.153,-1.48231
577.355,684.79,-1.91842
575.43,704.517,-2.05732
538.849,711.438,-1.18892
520.893,714.606,-2.15945
509.58,690.067,-0.651317
549.25,694.915,-1.06845
579.411,699.283,-0.691117
572.3,717.067,-0.658189
626.61,676.319,-3.01259
635.198,680.494,-3.38185
613.956,661.925,-2.39623
614.164,715.562,-2.45188
611.482,665.5,-1.65664
606.104,666.75,-1.53189
620.958,682.695,-1.46446
639.1,700.949,-1.3859
651.677,702.462,-1.36884
632.479,708.806,-1.46203
589.134,724.543,-0.285705
680.69,655.687,-2.33563
682.746,672.774,-2.53895
659.902,701.073,-1.02091
660.593,720.056,-1.2562
654.692,660.884,0.514131
678.503,689.432,-0.693687
669.635,703.497,-0.313488
678.156,709.388,-0.907382
678.978,721.006,-0.311702
1.36963,729.795,-4.11084
56.6638,729.535,-3.59364
18.6689,763.587,-3.55859
57.0946,769.406,-3.52933
28.3147,732.187,-2.52215
47.2713,774.768,-2.75999
15.5065,747.282,-1.36797
67.625,756.417,-1.23873
15.0892,759.803,-1.27347
10.0715,767.49,-1.63436
71.7677,731.328,0.431745
61.8297,756.654,-1.20428
62.722,768.76,-0.149176
72.1102,777.382,-0.238812
37.6505,796.296,-0.285122
143.3,752.415,-3.86179
133.678,770.3,-3.68003
94.9275,785.503,-2.95749
121.716,733.866,-2.19826
74.2423,745.961,-2.43868
144.972,770.255,-3.13742
123.688,776.736,-2.74096
109.541,785.089,-2.14221
82.5923,789.189,-2.19666
110.309,790.323,-2.78457
120.704,792.437,-2.9571
77.0822,794.796,-2.94177
119.241,728.959,-2.09469
111.807,735.978,-1.32994
242.382,669.423,-2.80044
240.746,675.744,-1.91002
260.599,683.848,-2.83851
286.407,690.788,-3.224
235.294,698.218,-3.06978
244.362,709.016,-2.4262
281.525,715.723,-2.89721
227.78,671.371,-1.5675
288.771,680.405,-1.91413
273.404,681.522,-1.24092
219.924,691.94,-2.17972
251.548,707.637,-1.95202
255.693,722.368,-1.25885
273.86,723.018,-1.30252
249.769,694.122,-0.634919
297.533,656.305,-3.619
303.63,659.2,-3.64365
327.895,661.426,-3.62773
306.055,664.922,-3.61603
321.866,667.438,-3.45167
318.121,674.826,-3.37729
292.365,654.238,-2.21444
327.462,667.2,-2.81113
335.11,676.31,-2.98642
342.137,671.526,-1.77243
321.597,687.612,-1.9268
348.336,706.81,-1.24191
335.058,716.477,-1.9429
379.671,689.443,-3.18255
421.735,691.464,-3.31996
374.359,717.685,-3.77518
424.858,724.06,-3.05927
397.326,661.622,-2.60287
415.383,668.832,-1.94535
426.841,699.657,-2.93744
378.109,711.676,-2.65757
407.417,654.721,-1.87605
403.055,661.528,-1.93092
434.988,661.947,-1.69119
364.559,690.114,-1.82604
416.028,719.52,-1.6081
409.973,719.645,-1.77683
424.326,719.346,-1.2747
374.708,689.171,-0.301463
394.789,692.558,-0.738892
428.463,705.465,-0.628543
453.069,723.308,-3.29427
456.392,719.231,-2.4507
447.143,724.874,-2.34777
496.085,668.571,-1.45619
466.37,676.237,-1.5903
493.257,664.469,-0.516622
449.644,668.416,0.0557492
479.386,668.72,-0.560026
502.884,671.121,-0.300434
449.235,676.05,-0.784828
450.877,696.586,-1.19189
465.402,713.658,-0.8575
572.22,682.746,-1.36504
556.136,707.13,-2.63053
512.507,721.608,-2.23682
31.7134,673.976,-4.02181
16.1015,675.11,-3.27391
16.3132,682.499,-4.08848
2.6,654.25,-2.25965
41.9976,673.095,-1.32227
45.6742,685.639,-2.57358
31.8932,688.743,-2.52252
35.6229,695.124,-2.35552
52.1887,697.101,-2.39144
22.6061,697.703,-2.35051
7.74794,714.578,-3.20994
41.4015,723.53,-2.83332
40.9614,691.787,-1.82369
30.8621,716.331,-0.97057
31.6324,655.274,-0.162109
47.5883,660.942,-0.98545
36.395,667.396,-0.513193
31.7517,696.626,-0.835444
43.323,697.175,-1.11954
41.8154,709.207,-0.560522
34.8163,715.18,-0.467027
104.891,653.868,-3.72203
93.5685,654.574,-2.49584
83.6871,656.304,-2.33274
107.993,667.46,-2.00837
76.7432,674.481,-1.90961
120.455,680.863,-2.79218
90.7847,714.445,-2.423
100.101,721.222,-2.9267
121.238,655.662,-1.8673
118.241,684.044,-2.04055
142.75,689.123,-1.54762
123.21,678.426,-0.805988
134.76,703.381,-0.178392
109.885,706.044,-0.18443
203.696,672.04,-4.13192
152.401,692.963,-3.27498
169.422,665.239,-2.49303
190.946,681.129,-2.74397
166.89,691.552,-2.89696
174.55,709.46,-2.71393
193.694,710.27,-2.58078
169.259,717.832,-2.24733
147.302,654.612,-1.46947
148.676,669.557,-1.65601
151.848,674.313,-1.97685
161.683,676.333,-1.67967
178.189,699.688,-1.45493
216.853,653.671,-1.25386
209.384,662.184,1.20234
180.04,665.91,-1.10487
212.673,672.839,-0.197769
170.009,688.617,-1.13012
198.643,701.349,-0.754741
147.447,718.269,-0.281757
250.89,655.018,-4.00169
284.506,662.966,-3.67859
264.063,665.747,-3.03378
267.838,678.806,-3.6354
236.962,700.468,-3.4374
269.597,706.267,-3.03795
287.02,713.495,-3.42274
392.515,619.569,-3.8448
398.715,636.277,-3.47933
405.332,593.42,-2.00157
410.627,615.353,-2.24431
397.437,623.874,-2.61145
402.064,650.503,-2.34548
419.173,582.084,-1.93677
421.169,591.725,-1.60605
375.252,594.604,-1.06188
381.526,615.804,-1.70077
427.951,620.265,-1.56461
380.29,620.82,-1.55117
371.19,624.211,-0.133011
455.37,615.208,-2.16584
442.881,620.012,-2.14996
481.367,582.349,-2.25173
496.207,586.505,-1.19877
474.43,588.789,-2.04571
480.045,605.924,-1.69005
507.658,616.911,-1.4312
460.505,626.192,-1.30405
452.315,604.887,-0.731982
487.489,608.101,-0.990656
462.71,617.544,-0.657653
498.267,639.272,-1.116
476.02,641.53,-0.93461
449.937,651.932,-0.379057
486.378,651.819,-0.474131
518.749,611.697,-2.96995
514.242,635.928,-2.13828
548.382,585.685,-1.61346
548.404,605.537,-1.64614
537.955,627.177,-1.28108
545.921,630.616,-1.53119
516.429,589.287,-0.469954
514.517,598.737,-0.966909
520.003,629.747,-0.118179
606.551,598.14,-2.27398
644.229,601.384,-2.82304
637.574,650.58,-2.21272
652.641,643.467,-1.41942
624.8,647.302,-1.28168
601.275,582.646,-0.770535
644.23,593.07,-0.881837
639.655,632.694,-0.344066
645.702,634.139,-0.599828
633.92,638.646,-0.144176
631.77,651.809,-0.268915
658.216,601.36,-2.37484
692.593,624.02,-2.16626
661.963,583.399,-2.00569
658.413,606.833,-1.13646
681.112,612.222,-1.22857
688.917,614.353,-1.40345
677.473,647.687,-1.75214
675.748,650.666,-1.29368
692.578,601.868,-0.408549
681.989,648.592,-0.779365
523.11,547.737,-2.36665
558.018,516.039,-1.55683
525.858,561.059,-1.3555
577.896,567.774,-0.686759
565.394,573.7,-1.82011
551.245,526.468,-0.661549
523.717,552.884,-0.86866
565.89,559.287,-0.261477
590.093,519.931,-1.32719
611.086,517.957,0.657879
599.039,527.433,-1.06852
587.253,573.477,-0.304516
624.129,575.578,-0.692907
644.762,575.855,-1.10236
678.538,573.851,-3.12139
674.716,511.505,-2.62657
683.903,517.244,-2.68964
684.574,541.477,-1.37808
691.871,561.07,-1.32434
685.921,562.887,-0.650102
44.1717,619.502,-2.94503
43.3029,589.467,-2.40304
9.90128,604.577,-2.39808
71.3608,592.391,-1.88359
65.3545,644.395,-1.27925
72.059,587.249,-0.9517
35.579,587.924,-0.955132
55.3926,594.61,-1.18508
130.267,585.474,-3.40388
126.147,595.909,-3.36796
107.871,598.966,-3.75705
114.868,599.638,-3.29325
104.684,603.021,-3.81887
123.286,620.546,-3.3055
105.658,648.142,-3.96323
107.145,584.567,-2.49868
134.506,587.049,-2.80381
101.395,634.69,-2.38993
135.789,637.723,-2.45788
100.993,647.835,-2.11837
122.262,585.004,-1.50909
103.405,596.472,-1.8818
137.765,618.332,-1.84083
105.209,629.779,-1.74621
75.5063,593.822,-0.513338
140.573,607.478,-0.92078
100.716,622.013,-1.00721
87.6914,634.648,-1.063
152.516,601.731,-3.28797
151.941,609.631,-3.88673
156.831,642.116,-2.69922
162.993,612.221,-1.9031
232.888,647.364,-3.10619
225.536,648.752,-3.97192
267.807,653.264,-2.06548
240.347,583.42,-1.19237
345.905,610.739,-2.32856
349.874,593.81,-0.475461
314.645,628.337,-0.182904
297.106,630.483,-1.22327
392.151,610.592,-3.62351
266.986,511.293,-1.70523
257.548,550.659,-1.59611
267.381,522.861,-0.373744
248.79,536.291,-0.961938
232.645,557.19,-0.499687
253.583,574.714,-0.419902
292.123,517.828,-3.3301
333.875,516.344,-2.59058
319.452,560.417,-2.7382
336.591,538.202,-1.91632
340.979,543.668,-1.15537
342.465,551.478,-1.73117
314.394,560.452,-1.36743
320.495,568.114,-2.18106
330.264,569.886,-1.15759
341.986,559.437,-0.715289
354.602,561.984,-0.904718
403.66,531.646,-3.29664
410.512,549.146,-3.05799
369.462,561.031,-3.57472
397.367,510.567,-2.06425
392.855,512.2,-2.6276
423.605,513.759,-2.35556
390.206,517.228,-2.42404
416.729,520.039,-2.29973
363.792,522.669,-2.10662
410.225,532.322,-2.98178
390.007,537.602,-2.30611
367.234,552.688,-2.61414
419.992,557.897,-2.46467
430.077,563.37,-2.43003
386.312,567.391,-3.03601
371.765,569.113,-3.02899
379.354,515.015,-1.37986
371.159,518.123,-2.07478
368.814,513.637,-0.951399
388.131,527.985,-0.448322
424.549,528.424,-0.529716
383.318,546.4,0.180107
400.523,569.234,0.145409
484.565,517.205,-3.58722
506.262,517.848,-3.95454
460.529,565.447,-3.65609
437.536,519.691,-2.84898
456.207,534.268,-3.09204
451.125,535.298,-1.70948
455.491,537.456,-3.00602
480.3,564.305,-2.31572
457.311,568.464,-2.42849
484.248,568.304,-2.93947
479.699,525.564,-2.13409
506.468,537.534,-1.38905
494.48,542.904,-1.77573
445.068,547.878,-1.72354
496.304,559.629,-1.97657
465.369,578.16,-1.17032
500.744,556.454,-0.745335
575.344,514.464,-3.32009
566.343,527.076,-2.41388
511.278,532.153,-2.69014
533.282,503.692,-1.32822
543.48,437.836,-0.347921
522.372,439.577,-0.954041
513.011,450.333,-0.54375
562.502,460.25,-0.442862
606.966,441.849,-1.8135
640.603,454.7,-1.44737
617.885,485.269,-1.41188
633.13,437.904,-0.124094
638.863,445.781,-0.473078
629.304,452.57,-1.02506
614.873,477.897,0.21172
604.317,497.89,-0.996209
695.073,481.529,-3.49578
690.538,491.478,-2.29885
679.412,467.552,-1.59309
666.744,479.141,-1.72013
664.897,458.487,-0.483594
656.497,476.165,-0.579112
691.084,508.268,-0.585417
69.2004,522.145,-2.86331
39.1583,562.655,-2.57106
24.9918,562.743,-2.62042
31.032,569.815,-2.85532
61.9694,522.924,-1.90309
18.8495,542.768,-1.97217
54.7287,561.032,-1.38253
61.3556,572.146,-2.08395
55.1711,520.419,-0.705863
61.7375,548.435,-0.824608
66.806,552.739,-0.464451
70.1217,564.448,-0.75569
48.7771,575.962,-0.725582
105.35,518.681,-3.78071
120.848,509.376,-2.83587
116.33,512.408,-2.5842
84.8276,542.726,-1.10879
114.874,547.19,-2.99498
109.384,516.197,-1.92431
140.445,542.417,-1.36073
109.376,549.237,-2.04286
143.487,552.811,-1.29848
129.364,562.21,-1.53847
137.536,565.381,-1.78628
99.394,574.419,-1.28756
104.115,578.791,-1.43328
138.77,582.08,-0.695343
96.3874,513.322,-0.479922
117.346,525.834,-1.0672
104.493,555.358,-0.68393
75.4877,562.271,-0.646332
77.6831,566.734,-0.502068
83.4823,576.777,-0.620995
108.233,579.064,-0.878952
157.576,510.703,-3.80502
199.679,580.181,-3.64391
189.02,537.872,-2.66206
165.401,564.256,-2.3212
149.111,553.321,-1.68194
155.601,555.178,-1.29228
152.141,544.361,-1.27792
241.736,510.564,-2.961
282.664,521.253,-2.44872
359.766,472.713,-2.43807
328.267,485.42,-2.76543
359.65,496.679,-2.70363
318.724,497.489,-2.72485
325.218,438.371,-1.7285
348.886,457.89,-1.04031
337.848,481.542,-1.83336
341.796,504.85,-1.86643
330.339,487.014,-1.12243
294.033,492.184,-0.668733
345.457,504.359,-0.874708
383.809,487.617,-3.22347
421.939,490.689,-3.25404
410.629,494.671,-4.12397
380.539,438.982,-2.87494
401.3,469.528,-2.25962
388.214,470.92,-2.62079
424.612,471.704,-2.99479
415.617,507.184,-1.96315
422.068,453.896,-1.18918
424.367,457.993,-1.41499
399.594,485.992,-1.55139
372.174,435.964,-0.766088
405.624,447.496,-0.644038
377.049,463.854,-0.0861386
425.484,467.253,-0.753601
409.001,471.891,-0.995071
419.009,482.313,-1.30996
474.324,475.103,-3.79947
501.306,437.689,-3.10152
498.429,441.914,-2.64012
465.049,460.055,-1.53322
494.755,474.655,-2.50557
487.25,487.13,-3.02638
464.985,488.192,-2.48694
469.938,443.944,-1.73547
470.096,479.172,-1.88904
465.378,478.889,-0.281556
456.397,482.381,-1.61297
464.47,495.822,-2.10043
506.39,439.781,-0.936337
508.386,480.467,-0.631913
484.505,482.444,-0.467089
457.318,504.766,-0.914506
535.702,462.991,-4.02158
544.462,506.675,-3.95267
512.257,455.297,-2.26831
573.564,471.299,-2.50384
552.523,472.687,-2.27339
537.024,474.702,-2.59704
530.789,499.215,-2.74953
558.613,439.844,-1.97624
568.372,446.353,-1.7169
555.387,450.375,-1.56195
526.424,455.624,-1.33174
522.409,477.222,-1.985
574.741,477.163,-1.40351
546.765,495.001,-1.57034
572.843,496.329,-2.07513
574.97,500.726,-2.12398
104.51,466.904,-3.12874
127.875,443.302,-2.80591
98.1042,476.357,-2.79299
93.7144,451.177,-1.87086
92.7883,473.813,-2.17157
137.377,486.575,-1.6363
108.858,488.62,-1.54905
108.639,504.365,-2.5498
113.928,437.123,-1.06662
124.228,462.806,-0.540625
85.5887,467.494,-0.83513
85.0741,488.905,-0.7029
133.757,501.781,-0.678739
117.761,502.166,-0.858957
188.401,465.544,-3.95992
217.589,456.814,-2.49402
166.802,457.386,-2.17145
198.053,459.051,-2.87758
184.262,462.077,-2.47226
172.727,463.214,-3.03847
157.391,471.019,-2.8898
216.168,483.219,-2.94606
198.227,483.974,-3.07653
194.944,451.293,-2.24004
202.176,455.92,-1.22089
207.635,458.728,-1.48982
149.532,468.352,-0.842526
145.798,470.007,-1.92718
187.036,476.367,-1.95321
174.033,476.942,-1.7464
146.631,495.691,-2.13062
214.588,436.502,-0.398641
157.884,439.142,-1.09504
157.058,445.215,-1.12478
158.178,475.393,-0.215711
187.421,482.218,-1.01225
150.46,483.834,-0.637318
175.214,485.788,-0.365944
184.806,490.547,-0.362947
238.752,463.317,-3.44747
242.135,482.313,-3.43694
232.194,445.987,-2.37067
227.182,455.672,-2.41375
236.389,467.579,-2.56518
230.796,467.772,-1.59272
248.929,469.706,-2.19977
238.052,478.537,-2.60609
288.828,444.078,-0.991397
229.299,496.769,-1.82734
230.501,457.581,-0.949992
247.217,488.908,-0.577929
221.236,508.693,-0.888761
301.782,439.443,-3.09892
302.743,444.768,-3.53596
326.235,480.229,-2.94866
312.265,443.625,-2.76722
357.563,448.899,-2.72932
361.589,459.839,-3.0545
328.495,466.572,-2.42308
535.773,379.115,-1.73485
538.3,404.291,-1.8761
521.581,409.154,-1.28816
539.482,414.876,-1.29638
516.22,434.038,-1.93479
543.561,368.142,-0.7957
573.279,379.191,-0.383672
524.86,381.658,-1.0664
536.203,394.628,0.147239
528.038,414.052,-0.170771
554.201,414.765,-0.531647
563.461,425.253,-0.12616
580.061,434.498,-1.23879
585.352,373.547,-1.35819
615.837,382.632,-1.6564
596.278,390.658,-1.973
603.798,392.522,-1.48411
601.538,405.218,-1.60385
606.555,406.402,-1.63959
620.692,411.046,-1.6978
581.742,415.82,-1.13662
632.259,416.309,-1.10776
586.829,421.458,-1.61436
595.62,426.225,-1.35236
650.634,371.85,-0.842068
595.736,379.265,-0.733519
609.436,384.844,-0.0988256
595.036,384.931,-1.10487
640.154,403.479,-0.357379
657.544,371.28,-3.4878
676.352,375.645,-2.14229
657.286,393.791,-3.15171
687.984,403.665,-3.01001
669.31,403.729,-2.43136
679.389,406.39,-2.817
684.046,418.778,-2.38599
670.225,386.773,-0.165964
681.97,409.374,-2.44487
680.621,431.46,-2.17491
26.0803,467.865,-3.74872
20.2684,478.327,-3.90393
32.6073,472.195,-1.61616
48.3032,467.886,-1.40417
57.0282,471.537,-1.89203
70.1859,485.015,-1.34467
22.6428,487.596,-1.28291
7.6693,447.021,-0.723195
44.2202,474.545,-0.91858
37.1784,478.53,-1.16987
63.9291,493.102,-0.572973
18.5588,495.945,-1.23142
114.053,445.77,-3.61082
294.402,425.547,-2.40856
344.629,363.282,-1.1009
329.34,409.333,-1.78943
321.865,416.195,-0.87755
326.274,415.535,-1.35136
354.705,363.736,-0.889507
336.786,380.112,-0.462752
351.803,380.817,-0.11066
306.934,385.755,-0.454869
317.266,392.706,-0.923055
321.727,431.675,-0.387001
359.169,435.562,-0.379824
397.857,366.804,-3.99614
374.888,395.786,-3.36971
403.777,395.953,-3.75231
371.663,419.82,-3.55983
377.428,429.334,-4.08573
369.008,375.868,-3.24607
383.269,376.754,-3.14896
366.566,380.236,-2.3048
434.899,393.999,-2.75982
423.638,396.973,-3.11672
382.946,406.298,-2.09406
415.035,407.164,-2.41597
381.251,414.07,-2.71836
392.692,414.813,-2.52655
409.96,420.677,-2.03946
389.856,423.069,-2.4329
375.162,423.666,-2.63562
385.648,390.841,-1.58129
378.361,407.37,-1.11065
421.468,410.615,-1.4346
433.381,414.192,-2.0909
388.581,430.838,-1.78844
419.74,363.779,-0.709211
379.073,383.805,-0.309614
412.047,398.882,-0.459545
432.741,408.089,-0.633012
377.275,418.205,-1.16769
487.915,398.546,-2.68746
471.474,398.681,-2.38983
439.591,405.376,-2.26198
480.485,413.311,-1.99496
483.45,426.072,-2.38445
455.873,369.801,-1.52826
504.538,380.552,-1.62432
475.636,425.81,-1.99476
446.779,428.822,-1.55382
474.913,393.076,-0.767499
494.036,395.599,-1.0072
487.908,423.492,-0.225447
550.535,404.383,-3.17711
555.754,376.238,-2.50652
569.182,395.683,-2.24987
527.424,397.26,-3.02312
541.674,400.718,-2.71945
561.378,425.603,-2.90608
516.529,429.539,-2.33089
551.18,430.059,-2.64937
514.399,368.497,-2.82564
554.014,370.376,-1.94896
139.869,434.048,-3.37635
78.5878,368.49,-2.3164
76.0916,391.362,-2.21869
94.494,400.1,-2.62102
80.5273,403.381,-1.41521
90.0298,404.171,-3.15555
93.8851,408.956,-2.82819
124.242,411.791,-2.79926
105.049,420.839,-2.84725
121.551,422.829,-2.3027
133.383,423.408,-2.34091
143.451,422.897,-2.41973
91.5706,364.638,-1.61984
76.1415,373.147,-1.67777
121.978,380.069,-1.78429
86.372,381.664,-1.68067
74.4365,398.327,-1.6724
99.5406,404.466,-1.90826
80.3634,411.259,-1.86031
123.94,432.996,-1.58727
94.7996,368.613,-0.248782
140.15,405.929,-0.229083
93.5505,421.16,-0.769209
114.822,421.701,-0.380853
115.956,430.724,-0.40451
104.037,432.958,-0.745377
190.608,366.848,-3.55813
168.822,396.455,-3.71906
162.591,399.206,-3.79027
181.234,399.074,-3.22251
200.235,411.085,-3.16087
198.779,423.265,-3.6463
189.088,408.755,-2.42516
181.222,417.511,-2.02951
210.651,416.372,-1.34409
174.75,426.342,-1.43526
199.829,427.964,-1.8442
156.251,366.521,-0.537784
194.825,388.308,-0.712241
168.977,392.539,-0.416841
279.556,376.456,-3.6533
221.066,398.948,-3.10179
251.213,364.627,-1.81184
220.773,387.377,-2.52376
290.456,380.429,-1.2849
260.89,382.711,-1.39452
265.383,418.702,-1.83001
288.359,422.837,-1.85553
248.083,432.977,-0.998887
354.379,368.571,-2.56534
312.66,374.604,-2.7072
352.057,385.771,-2.83286
310.361,386.408,-2.87913
321.558,402.757,-1.80869
292.422,406.018,-2.90103
333.883,407.718,-3.22214
325.567,418.371,-3.1032
449.362,316.571,-1.46254
467.136,323.27,-1.68978
485.024,336.117,-1.49403
458.977,346.172,-1.6326
493.521,357.056,-1.83981
446.034,304.961,-0.752794
460.099,313.25,-0.432632
500.297,322.103,-0.843032
487.552,328.631,-0.771955
494.635,339.915,-0.628719
463.96,363.176,-0.246699
545.202,323.06,-3.68738
549.274,328.1,-3.35547
559.285,357.404,-3.37719
535.647,327.507,-2.42759
543.708,336.039,-2.74806
542.327,356.955,-2.21471
512.18,358.563,-2.36717
548.658,360.393,-2.76381
579.312,302.27,-1.22961
556.161,319.36,-1.55774
529.245,332.562,-1.41989
536.231,343.986,-2.27657
571.609,348.221,-1.24986
559.456,361.504,-1.81627
571.753,308.118,-1.05538
546.902,345.329,-0.0116419
578.208,345.69,-0.696461
614.243,299.817,-3.07094
631.412,329.387,-2.62958
635.551,330.285,-1.89271
618.113,333.078,-2.16389
651.394,351.242,-3.19029
621.067,327.563,-1.14446
626.119,332.161,-2.06653
609.121,334.552,-1.31925
640.145,335.05,-1.39223
614.307,337.023,-1.74714
592.95,360.593,-1.89905
596.747,306.817,-0.635879
619.365,339.004,-0.54757
610.084,357.973,-0.724227
660.416,355.38,-0.32413
48.7138,371.449,-2.79438
70.9833,376.401,-1.52504
65.345,393.795,-2.02957
62.9644,397.539,-0.452322
51.3691,421.149,-1.96812
69.6161,383.194,-0.817193
43.039,389.449,-0.704096
69.3628,398.806,-0.293884
45.8924,401.191,-0.496872
21.0581,407.298,-0.375415
23.1944,434.203,-0.513338
126.341,405.711,-3.56499
239.193,318.541,-0.0880706
288.137,325.934,-1.1348
242.766,331.42,-1.13182
246.355,338.224,-0.381388
267.667,344.619,-0.224781
235.814,356.275,-0.407511
305.694,309.871,-3.29679
343.56,321.331,-2.10945
300.18,297.913,-1.42983
362.504,307.772,-2.04343
348.17,311.89,-1.3411
342.217,312.447,-1.5025
314.123,314.624,-1.87824
317.844,318.871,-1.55698
342.475,325.167,-1.91938
338.235,324.899,-1.92183
328.117,327.834,-1.3357
341.204,293.616,-0.938359
334.41,295.754,-0.17208
326.384,309.348,-0.759581
337.98,316.536,-0.582175
294.721,317.371,-0.542482
355.151,328.09,-0.456402
290.972,334.585,0.206971
337.708,337.583,0.306683
296,337.409,-1.00915
416.992,322.984,-3.17693
401.631,338.031,-4.1065
381.57,338.845,-3.54576
383.066,346.03,-3.24045
371.307,360.486,-3.36183
364.151,361.484,-3.28465
387.24,362.71,-3.86104
388.24,311.677,-2.15208
364.47,318.279,-2.54032
420.691,349.143,-2.75067
382.399,358.056,-2.82147
416.001,293.166,-1.27252
416.255,299.736,-1.73114
373.515,310.75,-1.66243
403.71,335.59,-1.17648
376.628,349.808,-1.25527
398.957,349.652,-1.64483
403.064,300.57,0.371008
418.596,303.205,-0.942263
422.56,322.318,-0.722913
434.623,339.616,-0.0260235
412.183,342.517,-0.113966
460.86,359.303,-3.2536
472.516,362.464,-3.95337
482.018,296.143,-1.63584
445.702,327.575,-2.15919
491.083,332.077,-2.38196
497.958,338.585,-2.64831
459.196,340.481,-2.77128
485.114,343.528,-2.41725
490.687,352.279,-2.81872
504.079,362.895,-2.27236
441.235,310.405,-1.52866
93.371,291.733,-2.45523
131.449,293.961,-1.75265
114.953,324.061,-1.20672
88.0949,339.157,-2.31445
134.52,339.089,-1.94244
120.452,342.362,-1.62646
130.159,350.034,-0.682347
142.928,356.21,-2.26747
121.833,298.292,0.325379
79.2919,331.269,-0.29403
75.3996,340.957,-1.15943
119.094,346.554,0.0420782
107.802,357.506,-0.099384
83.5869,362.931,-0.407984
180.684,309.102,-3.41258
186.795,317.474,-2.96156
184.315,333.109,-3.53458
170.394,333.87,-3.36191
181.224,339.665,-3.45297
167.352,348.333,-3.48918
150.52,350.111,-3.18985
181.067,350.745,-3.23064
177.683,355.098,-3.03951
204.429,291.675,-2.94595
182.007,292.917,-2.92505
177.247,293.926,-2.46981
173.564,304.202,-2.35703
182.897,320.095,-2.45115
195.346,319.935,-2.8373
174.206,359.89,-2.39163
198.905,296.492,-1.13669
175.715,298.703,-1.06808
196.885,324.908,-1.45139
211.735,361.35,-1.20236
217.458,292.388,-0.820923
213.262,294.269,-1.15059
145.554,296.432,-0.536336
195.656,300.594,-0.701607
163.242,304.049,-1.03168
176.653,308.642,-0.652644
158.209,308.653,-0.669067
191.737,308.54,-0.730882
196.728,312.682,-0.915968
206.443,316.143,-0.91542
158.879,319.293,-1.14903
154.788,335.814,-1.20185
196.419,354.382,-0.255562
190.02,361.919,-0.538746
269.036,291.812,-3.92748
282.645,301.978,-3.29807
254.957,334.586,-3.01793
230.278,349.852,-3.72813
279.357,298.091,-2.56283
250.082,312.146,-2.71971
237.442,322.516,-2.56562
229.941,333.452,-2.44751
261.696,334.44,-2.14451
225.031,352.213,-2.92057
275.728,361.759,-2.22948
233.421,305.901,-1.99424
281.848,306.414,-1.22571
253.432,330.55,-1.4243
284.323,335.491,-2.01521
305.843,271.152,-0.386794
330.354,290.63,-0.414973
408.258,220.618,-2.87097
399.347,245.446,-1.11298
406.295,261.48,-1.35656
398.831,263.562,-1.44071
384.42,276.931,-1.73207
431.65,290.462,-1.34833
417.583,225.081,-0.442003
373.573,226.767,-0.513025
424.81,270.501,-0.321728
368.827,274.265,-0.339339
501.985,276.653,-2.11405
502.029,284.353,-3.16447
498.36,290.057,-2.17259
504.107,290.011,-2.23068
495.433,241.111,-1.00315
481.797,245.965,-1.99475
488.632,249.472,-1.76252
491.946,259.739,-1.569
489.902,265.165,-1.63741
441.75,232.064,1.33382
487.007,244.748,-0.705639
440.356,254.074,-1.23986
498.345,256.287,-0.989575
468.634,258.258,-0.296028
446.823,271.113,-0.0888877
478.533,275.673,-0.907512
488.055,282.126,-0.808569
470.279,284.061,-0.0969513
529.015,245.632,-2.80978
542.989,267.863,-2.65615
509.952,270.824,-2.43291
539.62,277.216,-2.37955
528.991,219.263,-1.61546
562.978,220.276,-1.10415
568.164,230.252,-1.7624
566.498,237.379,-1.8884
509.343,251.31,-1.2883
523.163,251.525,-1.99876
563.88,252.217,-2.15597
533.163,263.507,-1.86078
542.574,272.449,-1.18714
531.385,227.352,-0.824298
509.052,232.09,-0.33547
552.686,235.671,-0.177432
513.648,239.846,-0.350148
566.476,270.088,-0.391958
523.499,278.354,-1.0915
537.693,283.969,-0.585132
591.683,255.178,-1.78135
582.298,226.411,-2.06109
631.863,283.923,0.0200839
605.373,258.258,-1.2143
72.0396,298.405,-3.78649
64.4808,351.276,-2.98234
69.5988,352.79,-2.93744
55.1436,355.864,-2.58863
72.5079,349.689,-1.00525
73.2007,322.829,-3.84646
143.873,263.976,-0.251032
132.646,267.605,-0.737805
168.527,224.445,-3.53397
183.68,268.241,-3.15
188.919,278.9,-3.52467
164.909,252.411,-2.64197
203.258,252.313,-2.28556
209.037,260.731,-2.46134
187.683,265.173,-3.10577
177.274,271.605,-1.69092
209.277,278.238,-1.6338
179.501,284.476,-1.58472
162.131,229.42,-0.627102
187.794,243.064,-0.647495
166.684,257.441,-1.06562
166.479,263.798,-0.240958
157.271,275.192,-0.44667
158.543,286.302,-0.0394836
165.132,286.104,-0.429578
221.719,228.079,-3.3045
255.666,285.084,-3.93737
270.602,241.147,-2.34538
273.712,246.945,-2.50022
254.847,251.224,-3.03324
288.062,252.27,-2.58832
268.924,252.674,-2.32755
229.472,226.081,-2.10142
271.316,236.707,-1.18713
279.246,245.284,-2.16862
281.108,249.575,-1.9308
229.961,252.834,-1.92785
274.21,266.424,-1.7174
221.192,272.52,-0.682693
247.656,255.17,-0.271044
239.084,260.127,-0.34756
275.166,281.27,-0.282184
349.739,221.499,-3.42291
303.327,233.211,-3.2248
333.777,226.119,-2.70864
346.297,229.385,-2.73444
342.537,242.708,-2.37101
331.703,230.437,-1.55747
310.117,239.339,-2.07115
293.985,242.896,-1.48823
320.148,266.099,-1.22352
311.311,270.845,-1.13761
303.97,285.924,-1.50572
324.192,289.572,-1.28904
348.634,233.817,-0.240605
303.172,245.898,-1.09278
309.441,254.069,-0.0914883
359.894,260.186,-0.521411
319.686,260.658,-0.857239
358.862,265.494,-0.500113
173.4,172.688,-0.977451
148.76,195.034,-1.70902
269.349,202.667,-3.66194
253.602,163.182,-2.80075
225.641,180.977,-2.89686
273.158,197.601,-2.98555
224.191,211.381,-2.63764
279.994,147.703,-1.84566
240.096,204.656,-1.83323
324.366,150.928,-3.17838
326.775,153.405,-3.38374
341.474,198.479,-3.49965
347.303,161.039,-2.0449
296.995,178.952,-2.6575
320.6,217.911,-1.10611
350.584,180.778,-0.560906
314.031,188.314,-0.163175
363.654,194.549,-1.14374
366.676,153.751,-3.93785
372.555,175.095,-3.54505
423.575,204.493,-2.89619
413.322,211.272,-2.73931
421.385,215.911,-2.32128
364.17,200.415,-1.96979
382.913,212.867,-1.64481
370.642,173.31,-0.499042
393.541,207.244,-1.25217
478.731,148.663,-2.59711
451.237,176.752,-1.3936
503.225,184.532,-1.32425
489.093,191.839,-1.37572
461.53,193.908,-1.8216
487.902,149.803,-0.289722
495.659,178.546,0.0244376
541.207,184.229,-3.17411
533.888,160.862,-2.32399
522,170.807,-2.79095
526.497,177.086,-2.22098
530.215,182.405,-2.47071
558.162,195.414,-1.59017
526.121,207.241,-2.81855
541.933,174.627,-0.994408
545.882,183.187,-2.03321
533.33,204.187,-1.74059
556.072,209.908,-1.81407
513.612,198.485,-0.822225
547.427,216.647,-0.206992
127.078,219.311,-3.29952
128.925,243.088,-2.11154
106.294,247.085,-2.99149
135.741,269.595,-2.38485
100.55,282.399,-3.04797
123.062,219.194,-1.6989
98.6155,223.045,-1.2172
129.167,236.048,-1.44444
117.263,252.972,-1.51343
129.816,253.978,-2.02881
143.889,242.937,-1.22104
77.7066,1028.26,-5.30497
133.372,1034.31,-4.47971
172.708,1021.15,-4.84806
201.488,1061.79,-4.76361
252.345,1049.23,-4.271
293.61,1049.76,-4.90507
379.729,1071.95,-5.16833
526.557,1025.44,-4.18566
198.963,1100.36,-5.61771
272.502,58.2317,-3.84247
353.781,61.4296,-4.18878
391.885,46.7456,-4.05974
414.534,54.7736,-1.84895
212.808,82.8818,-2.38249
284.09,115.858,-3.99076
234.674,131.841,-3.43309
226.012,143.017,-3.53346
236.785,78.5275,-3.06522
245.53,114.161,-2.90679
347.959,143.56,-3.21803
350.773,88.3392,-2.28302
296.603,92.1355,-3.04519
297.576,114.842,-2.10042
329.797,123.969,-2.62044
328.897,137.325,-3.00275
388.89,75.1253,-1.43879
377.921,78.7763,-1.37286
383.183,116.687,-1.37793
427.915,76.4077,-0.346258
393.901,136.459,-0.646004
462.048,114.205,-3.51915
497.49,94.6816,-2.36075
485.759,101.339,-2.62552
473.383,135.492,-1.69236
507.388,140.085,-0.956385
136.222,193.777,-2.10895
114.286,217.689,-1.23003
187.415,171.905,-3.60824
173.747,198.249,-4.10231
194.783,209.572,-3.04281
215.735,212.573,-2.69087
195.995,157.66,-1.59462
214.432,157.866,-1.88685
186.104,98.1482,-5.35393
201.184,121.629,-4.58532
224.057,128.738,-3.73024
115.793,256.037,-2.79514
107.03,281.977,-3.30271
140.983,362.267,-4.56925
193.478,338.646,-4.33008
185.464,345.074,-4.47225
258.238,322.485,-4.68731
170.894,372.423,-4.37861
178.827,405.516,-4.66127
13.734,458.15,-4.87283
321.411,488.384,-4.26217
39.4744,571.68,-4.3938
22.4406,599.772,-4.28933
28.01,605.907,-4.44981
67.2096,633.711,-4.23259
9.81812,653.261,-4.69101
175.53,652.475,-4.42834
272.546,651.554,-3.97118
396.192,591.119,-4.3247
32.9862,683.812,-4.11004
17.2982,695.036,-4.21046
13.2276,721.313,-4.25375
212.788,657.936,-4.51149
195.942,661.748,-3.23277
198.836,678.65,-4.92259
253.286,674.127,-4.4361
262.801,678.881,-3.9943
243.545,682.601,-5.11275
0.982485,745.872,-4.6397
4.04345,778.177,-4.31458
153.522,791.9,-4.22581
5.42512,819.453,-4.12699
89.1269,871.92,-4.36752
69.4739,939.355,-5.06797
93.4446,909.866,-6.24338
98.2055,898.375,-5.13578
91.3011,923.513,-5.77679
190.444,931.961,-5.31399
194.581,943.43,-4.71434
99.2554,981.773,-4.31108
113.551,1005.6,-4.68602
178.252,1001.55,-5.49021
203.955,992.282,-4.14075
207.261,1005.18,-4.30962
271.759,978.64,-5.31968
377.146,964.95,-4.73624
476.113,975.474,-4.2429
450.827,975.91,-4.90764
